player-id,season,match,batting-runs,balls,out,4s,6s,sr,overs,maiden,bowling-runs,wickets,econ,0s,4s,6s,catches,run-out,stumping
1,2020,56,41,25,1,2,4,164.0,0,0,0,0,0,0,0,0,0,0,0
2,2020,56,33,30,1,1,2,110.0,0,0,0,0,0,0,0,0,0,0,0
3,2020,56,0,0,0,0,0,0,4.0,0,34,3,8.5,14,3,3,0,0,0
4,2020,56,0,0,0,0,0,0,4.0,0,25,2,6.25,10,1,1,0,0,0
5,2020,56,1,3,1,0,0,33.33,4.0,0,27,0,6.75,12,3,1,0,0,0
6,2020,56,36,29,1,5,0,124.13,0,0,0,0,0,0,0,0,0,0,0
7,2020,56,0,0,0,0,0,0,0,0,0,0,0,0,0,0,1,0,0
8,2020,56,0,3,1,0,0,0.0,3.1,0,37,0,11.68,2,4,0,0,0,0
9,2020,56,58,45,0,7,1,128.88,0,0,0,0,0,0,0,0,0,0,0
10,2020,56,85,58,0,10,1,146.55,0,0,0,0,0,0,0,0,0,0,0
11,2020,56,0,0,0,0,0,0,4.0,0,36,0,9.0,7,4,1,0,0,0
12,2020,56,4,7,1,0,0,57.14,0,0,0,0,0,0,0,0,0,0,0
13,2020,56,0,0,0,0,0,0,4.0,0,38,0,9.5,7,2,3,0,0,0
14,2020,56,0,0,0,0,0,0,0,0,0,0,0,0,0,0,1,0,0
15,2020,56,3,2,0,0,0,150.0,3.0,0,22,0,7.33,6,2,0,0,0,0
16,2020,56,0,0,0,0,0,0,0,0,0,0,0,0,0,0,1,0,0
17,2020,56,25,13,1,2,2,192.3,0,0,0,0,0,0,0,0,0,0,0
18,2020,56,1,3,1,0,0,33.33,0,0,0,0,0,0,0,0,0,0,0
19,2020,56,0,0,0,0,0,0,0,0,0,0,0,0,0,0,1,0,0
20,2020,56,0,0,0,0,0,0,4.0,0,19,2,4.75,11,2,0,0,0,0
21,2020,56,0,0,0,0,0,0,4.0,0,32,1,8.0,5,2,1,0,0,0
22,2020,56,4,5,0,0,0,80.0,3.0,0,29,0,9.66,3,4,0,0,0,0
23,2020,55,7,9,1,0,0,77.77,0,0,0,0,0,0,0,0,0,0,0
24,2020,55,0,0,0,0,0,0,0,0,0,0,0,0,0,0,1,1,0
25,2020,55,35,21,1,1,2,166.66,0,0,0,0,0,0,0,0,0,0,0
26,2020,55,0,0,0,0,0,0,0,0,0,0,0,0,0,0,1,0,0
27,2020,55,0,0,0,0,0,0,4.0,0,33,3,8.25,11,4,1,0,0,0
28,2020,55,0,2,1,0,0,0.0,2.0,0,19,0,9.5,4,3,0,0,0,0
29,2020,55,10,5,0,0,1,200.0,0,0,0,0,0,0,0,0,0,0,0
30,2020,55,17,11,1,2,1,154.54,0,0,0,0,0,0,0,0,0,0,0
31,2020,55,0,0,0,0,0,0,4.0,0,30,0,7.5,4,0,1,0,0,0
32,2020,55,0,1,0,0,0,0.0,4.0,0,24,1,6.0,7,1,0,0,0,0
33,2020,55,0,0,0,0,0,0,0,0,0,0,0,0,0,0,1,0,0
34,2020,55,0,0,0,0,0,0,0,0,0,0,0,0,0,0,1,0,0
35,2020,55,60,46,1,5,1,130.43,0,0,0,0,0,0,0,0,0,0,0
36,2020,55,1,1,0,0,0,100.0,4.0,0,26,2,6.5,6,0,1,0,0,0
37,2020,55,0,0,0,0,0,0,4.0,0,30,2,7.5,9,3,1,0,0,0
38,2020,55,0,0,0,0,0,0,0,0,0,0,0,0,0,0,2,0,0
39,2020,55,0,0,0,0,0,0,0,0,0,0,0,0,0,0,1,1,0
40,2020,55,4,2,1,1,0,200.0,2.0,0,24,0,12.0,1,4,0,0,0,0
41,2020,55,0,0,0,0,0,0,4.0,0,18,1,4.5,10,1,0,0,0,0
42,2020,55,9,6,1,2,0,150.0,0,0,0,0,0,0,0,0,0,0,0
43,2020,55,50,41,1,5,0,121.95,0,0,0,0,0,0,0,0,0,0,0
44,2020,55,0,0,0,0,0,0,3.0,0,29,1,9.66,9,4,1,0,0,0
45,2020,55,0,0,0,0,0,0,0,0,0,0,0,0,0,0,1,0,0
46,2020,55,29,24,1,2,1,120.83,0,0,0,0,0,0,0,0,0,0,0
47,2020,55,12,17,1,1,0,70.58,0,0,0,0,0,0,0,0,0,0,0
48,2020,55,0,0,0,0,0,0,4.0,0,29,0,7.25,4,2,0,0,0,0
49,2020,55,54,41,1,6,0,131.7,0,0,0,0,0,0,0,0,0,0,0
50,2020,55,8,7,0,1,0,114.28,0,0,0,0,0,0,0,0,0,0,0
51,2020,55,0,0,0,0,0,0,4.0,0,40,0,10.0,8,4,1,0,0,0
52,2020,54,6,2,1,0,1,300.0,0,0,0,0,0,0,0,0,0,0,0
53,2020,54,0,2,1,0,0,0.0,4.0,0,37,0,9.25,8,3,2,0,0,0
54,2020,54,0,0,0,0,0,0,0,0,0,0,0,0,0,0,1,0,0
55,2020,54,0,1,1,0,0,0.0,0,0,0,0,0,0,0,0,0,0,0
56,2020,54,0,1,1,0,0,0.0,0,0,0,0,0,0,0,0,0,0,0
57,2020,54,0,7,1,0,0,0.0,0,0,0,0,0,0,0,0,0,0,0
58,2020,54,4,4,1,1,0,100.0,0,0,0,0,0,0,0,0,0,0,0
59,2020,54,0,0,0,0,0,0,0,0,0,0,0,0,0,0,0,1,0
60,2020,54,0,0,0,0,0,0,0,0,0,0,0,0,0,0,1,0,0
61,2020,54,68,35,0,5,6,194.28,0,0,0,0,0,0,0,0,0,0,0
62,2020,54,0,0,0,0,0,0,0,0,0,0,0,0,0,0,2,0,0
63,2020,54,0,0,0,0,0,0,0,0,0,0,0,0,0,0,1,0,0
64,2020,54,15,11,1,0,1,136.36,4.0,0,34,4,8.5,13,3,2,0,0,0
65,2020,54,31,27,1,2,1,114.81,4.0,0,25,3,6.25,11,2,1,0,0,0
66,2020,54,18,11,1,2,1,163.63,3.0,0,40,0,13.33,5,2,4,0,0,0
67,2020,54,36,24,1,6,0,150.0,0,0,0,0,0,0,0,0,0,0,0
68,2020,54,0,8,0,0,0,0.0,2.0,0,22,0,11.0,5,5,0,0,0,0
69,2020,54,0,0,0,0,0,0,0,0,0,0,0,0,0,0,1,0,0
70,2020,54,0,0,0,0,0,0,0,0,0,0,0,0,0,0,4,0,0
71,2020,54,2,3,1,0,0,66.66,4.0,0,36,2,9.0,10,0,4,0,0,0
72,2020,54,0,0,0,0,0,0,4.0,0,20,2,5.0,9,1,0,0,0,0
73,2020,54,0,0,0,0,0,0,0,0,0,0,0,0,0,0,2,0,0
74,2020,54,6,9,1,0,0,66.66,4.0,0,19,1,4.75,15,1,1,0,0,0
75,2020,54,0,0,0,0,0,0,0,0,0,0,0,0,0,0,1,0,0
76,2020,54,0,0,0,0,0,0,0,0,0,0,0,0,0,0,1,0,0
77,2020,54,1,1,0,0,0,100.0,4.0,0,24,1,6.0,12,3,0,0,0,0
78,2020,54,35,22,1,4,1,159.09,0,0,0,0,0,0,0,0,0,0,0
79,2020,54,39,34,1,4,2,114.7,0,0,0,0,0,0,0,0,0,0,0
80,2020,54,1,4,1,0,0,25.0,0,0,0,0,0,0,0,0,0,0,0
81,2020,54,0,0,0,0,0,0,4.0,1,15,2,3.75,14,1,0,0,0,0
82,2020,54,25,11,1,1,3,227.27,0,0,0,0,0,0,0,0,0,0,0
83,2020,54,23,23,0,2,0,100.0,3.0,0,44,1,14.66,4,6,2,0,0,0
84,2020,53,0,0,0,0,0,0,4.0,0,27,1,6.75,8,3,0,0,0,0
85,2020,53,30,30,0,2,0,100.0,0,0,0,0,0,0,0,0,0,0,0
86,2020,53,26,15,1,5,0,173.33,0,0,0,0,0,0,0,0,0,0,0
87,2020,53,62,49,0,6,1,126.53,0,0,0,0,0,0,0,0,0,0,0
88,2020,53,0,0,0,0,0,0,0,0,0,0,0,0,0,0,1,0,0
89,2020,53,0,0,0,0,0,0,0,0,0,0,0,0,0,0,1,0,0
90,2020,53,2,6,1,0,0,33.33,0,0,0,0,0,0,0,0,0,0,0
91,2020,53,48,34,1,4,2,141.17,0,0,0,0,0,0,0,0,0,0,0
92,2020,53,29,27,1,3,1,107.4,0,0,0,0,0,0,0,0,0,0,0
93,2020,53,0,0,0,0,0,0,4.0,0,39,0,9.75,6,5,1,0,0,0
94,2020,53,62,30,0,3,4,206.66,0,0,0,0,0,0,0,0,0,0,0
95,2020,53,0,0,0,0,0,0,4.0,0,29,0,7.25,12,3,0,0,0,0
96,2020,53,14,15,1,1,0,93.33,0,0,0,0,0,0,0,0,0,0,0
97,2020,53,12,19,1,0,0,63.15,0.5,0,5,0,6.0,0,0,0,0,0,0
98,2020,53,0,0,0,0,0,0,4.0,0,39,3,9.75,11,3,3,0,0,0
99,2020,53,0,0,0,0,0,0,4.0,0,24,1,6.0,6,0,1,0,0,0
100,2020,53,0,0,0,0,0,0,0,0,0,0,0,0,0,0,1,0,0
101,2020,53,4,5,0,0,0,80.0,3.0,0,31,1,10.33,4,2,1,0,0,0
102,2020,53,0,0,0,0,0,0,2.0,0,15,0,7.5,3,2,0,0,0,0
103,2020,53,2,3,1,0,0,66.66,3.0,0,26,0,8.66,8,2,1,0,0,0
104,2020,53,0,0,0,0,0,0,4.0,0,17,0,4.25,8,0,0,0,0,0
105,2020,53,0,0,0,0,0,0,3.0,0,17,1,5.66,5,0,0,0,0,0
106,2020,53,0,0,0,0,0,0,3.0,0,30,0,10.0,5,4,1,0,0,0
107,2020,52,0,0,0,0,0,0,0,0,0,0,0,0,0,0,1,0,0
108,2020,52,8,14,1,0,0,57.14,0,0,0,0,0,0,0,0,0,0,0
3,2020,52,0,0,0,0,0,0,4.0,0,20,2,5.0,9,1,0,0,0,0
25,2020,52,24,24,1,1,1,100.0,0,0,0,0,0,0,0,0,0,0,0
4,2020,52,26,10,0,1,3,260.0,4.0,0,27,2,6.75,9,3,0,0,0,0
28,2020,52,3,4,1,0,0,75.0,2.0,0,19,0,9.5,4,2,0,0,0,0
32,2020,52,21,18,1,2,0,116.66,3.0,0,21,1,7.0,7,1,1,0,0,0
109,2020,52,26,19,1,3,1,136.84,0,0,0,0,0,0,0,0,0,0,0
110,2020,52,0,0,0,0,0,0,0,0,0,0,0,0,0,0,1,0,0
9,2020,52,39,32,1,4,1,121.87,0,0,0,0,0,0,0,0,0,0,0
10,2020,52,8,5,1,0,1,160.0,0,0,0,0,0,0,0,0,0,0,0
40,2020,52,0,1,1,0,0,0.0,3.0,0,20,1,6.66,8,1,1,0,0,0
13,2020,52,0,0,0,0,0,0,4.0,0,11,1,2.75,16,1,0,0,0,0
14,2020,52,0,0,0,0,0,0,0,0,0,0,0,0,0,0,1,0,0
111,2020,52,0,0,0,0,0,0,0,0,0,0,0,0,0,0,1,0,0
43,2020,52,5,8,1,1,0,62.5,0,0,0,0,0,0,0,0,0,0,0
44,2020,52,2,3,0,0,0,66.66,1.0,0,12,0,12.0,3,1,1,0,0,0
112,2020,52,0,0,0,0,0,0.0,0,0,0,0,0,0,0,0,0,0,0
113,2020,52,0,0,0,0,0,0,0,0,0,0,0,0,0,0,1,0,0
114,2020,52,15,24,0,1,0,62.5,0,0,0,0,0,0,0,0,0,0,0
115,2020,52,8,5,1,0,1,160.0,0,0,0,0,0,0,0,0,0,0,0
46,2020,52,7,7,1,0,0,100.0,0,0,0,0,0,0,0,0,1,0,0
47,2020,52,32,31,1,4,0,103.22,0,0,0,0,0,0,0,0,0,0,0
19,2020,52,0,0,0,0,0,0,0,0,0,0,0,0,0,0,2,0,0
48,2020,52,0,0,0,0,0,0,3.1,0,19,2,6.0,8,1,1,0,0,0
116,2020,52,0,0,0,0,0,0,2.0,0,30,1,15.0,5,2,3,0,0,0
117,2020,52,0,0,0,0,0,0,0,0,0,0,0,0,0,0,1,0,0
20,2020,52,0,0,0,0,0,0,4.0,0,35,1,8.75,3,2,1,0,0,0
21,2020,52,0,0,0,0,0,0,4.0,0,24,1,6.0,13,2,0,0,0,0
118,2020,52,0,0,0,0,0,0,0,0,0,0,0,0,0,0,1,0,0
119,2020,51,0,0,0,0,0,0,3.0,0,18,0,6.0,6,0,1,0,0,0
23,2020,51,25,29,1,1,1,86.2,0,0,0,0,0,0,0,0,0,0,0
120,2020,51,11,13,1,1,0,84.61,0,0,0,0,0,0,0,0,0,0,0
2,2020,51,72,47,0,8,3,153.19,0,0,0,0,0,0,0,0,0,0,0
25,2020,51,0,0,0,0,0,0,0,0,0,0,0,0,0,0,2,0,0
121,2020,51,5,9,1,1,0,55.55,1.0,0,8,0,8.0,2,1,0,0,0,0
5,2020,51,0,0,0,0,0,0,2.0,0,14,1,7.0,6,0,1,0,0,0
27,2020,51,0,0,0,0,0,0,2.2,0,25,1,10.71,6,4,1,0,0,0
29,2020,51,2,3,1,0,0,66.66,1.0,0,4,0,4.0,2,0,0,0,0,0
6,2020,51,12,11,0,1,0,109.09,0,0,0,0,0,0,0,0,0,0,0
122,2020,51,0,0,0,0,0,0,4.0,0,17,3,4.25,15,2,0,0,1,0
37,2020,51,12,7,1,0,1,171.42,3.0,0,27,0,9.0,7,2,1,0,0,0
8,2020,51,0,0,0,0,0,0,3.0,0,13,0,4.33,9,1,0,0,0,0
11,2020,51,0,0,0,0,0,0,4.0,0,24,1,6.0,10,2,0,0,0,0
41,2020,51,12,9,1,0,1,133.33,4.0,0,18,0,4.5,11,1,0,0,0,0
42,2020,51,10,11,1,2,0,90.9,0,0,0,0,0,0,0,0,0,0,0
17,2020,51,26,28,1,2,0,92.85,0,0,0,0,0,0,0,0,0,0,0
123,2020,51,0,0,0,0,0,0,0,0,0,0,0,0,0,0,1,0,0
124,2020,51,0,0,0,0,0,0,0,0,0,0,0,0,0,0,2,0,0
49,2020,51,0,2,1,0,0,0.0,0,0,0,0,0,0,0,0,0,0,0
50,2020,51,21,24,1,2,0,87.5,0,0,0,0,0,0,0,0,0,0,0
125,2020,51,0,0,0,0,0,0,4.0,0,21,3,5.25,16,2,1,0,0,0
126,2020,51,7,13,0,0,0,53.84,3.0,0,29,0,9.66,4,3,1,0,0,0
52,2020,50,30,23,1,1,2,130.43,0,0,0,0,0,0,0,0,0,0,0
127,2020,50,0,0,0,0,0,0,0,0,0,0,0,0,0,0,1,0,0
128,2020,50,0,0,0,0,0,0,0,0,0,0,0,0,0,0,1,0,0
129,2020,50,0,0,0,0,0,0,0,0,0,0,0,0,0,0,2,0,0
58,2020,50,31,20,0,5,0,155.0,0,0,0,0,0,0,0,0,0,0,0
90,2020,50,22,10,1,0,3,220.0,0,0,0,0,0,0,0,0,0,0,0
130,2020,50,6,6,0,1,0,100.0,0,0,0,0,0,0,0,0,0,0,0
92,2020,50,46,41,1,3,2,112.19,0,0,0,0,0,0,0,0,0,0,0
63,2020,50,0,0,0,0,0,0,0,0,0,0,0,0,0,0,1,0,0
93,2020,50,0,0,0,0,0,0,4.0,0,27,0,6.75,10,2,1,0,0,0
65,2020,50,0,0,0,0,0,0,3.0,0,22,0,7.33,6,0,2,0,0,0
94,2020,50,1,1,0,0,0,100.0,0,0,0,0,0,0,0,0,0,0,0
66,2020,50,50,26,1,6,3,192.3,4.0,0,32,2,8.0,6,2,1,0,0,0
95,2020,50,0,0,0,0,0,0,3.0,0,36,0,12.0,6,6,1,0,0,0
68,2020,50,0,0,0,0,0,0,4.0,0,47,0,11.75,12,2,4,0,0,0
96,2020,50,0,1,1,0,0,0.0,0,0,0,0,0,0,0,0,0,0,0
71,2020,50,0,0,0,0,0,0,4.0,0,47,0,11.75,9,3,4,0,0,0
97,2020,50,99,63,1,6,8,157.14,0,0,0,0,0,0,0,0,0,0,0
131,2020,50,0,0,0,0,0,0,3.0,0,34,0,11.33,3,4,1,0,0,0
74,2020,50,0,0,0,0,0,0,4.0,0,26,2,6.5,13,3,1,0,0,0
101,2020,50,0,0,0,0,0,0,3.3,0,44,1,12.57,6,3,3,0,0,0
104,2020,50,0,0,0,0,0,0,4.0,0,43,1,10.75,7,2,4,0,0,0
78,2020,50,22,11,0,1,2,200.0,0,0,0,0,0,0,0,0,0,0,0
80,2020,50,48,25,1,4,3,192.0,0,0,0,0,0,0,0,0,0,0,0
83,2020,50,0,0,0,0,0,0,1.0,0,10,0,10.0,1,0,1,0,0,0
132,2020,49,0,0,0,0,0,0,0,0,0,0,0,0,0,0,1,0,0
53,2020,49,7,7,1,0,1,100.0,4.0,0,23,0,5.75,5,1,0,0,0,0
85,2020,49,38,20,1,5,1,190.0,0,0,0,0,0,0,0,0,0,0,0
133,2020,49,0,0,0,0,0,0,0,0,0,0,0,0,0,0,1,0,0
55,2020,49,21,10,0,3,0,210.0,0,0,0,0,0,0,0,0,0,0,0
56,2020,49,87,61,1,10,4,142.62,1.0,0,16,0,16.0,0,3,0,0,0,0
87,2020,49,72,53,1,6,2,135.84,0,0,0,0,0,0,0,0,0,0,0
134,2020,49,1,4,1,0,0,25.0,0,0,0,0,0,0,0,0,0,0,0
89,2020,49,0,0,0,0,0,0,0,0,0,0,0,0,0,0,1,0,0
61,2020,49,15,12,1,2,0,125.0,0,0,0,0,0,0,0,0,0,0,0
135,2020,49,11,11,1,1,0,100.0,0,0,0,0,0,0,0,0,0,0,0
64,2020,49,0,0,0,0,0,0,4.0,0,31,2,7.75,10,4,0,0,0,0
136,2020,49,0,0,0,0,0,0,4.0,0,35,1,8.75,9,0,4,0,0,0
67,2020,49,26,17,1,4,0,152.94,0,0,0,0,0,0,0,0,0,0,0
137,2020,49,0,0,0,0,0,0,0,0,0,0,0,0,0,0,1,0,0
138,2020,49,0,0,0,0,0,0,4.0,0,54,0,13.5,4,6,2,0,0,0
139,2020,49,0,0,0,0,0,0,3.0,0,30,1,10.0,5,4,1,0,0,0
98,2020,49,0,0,0,0,0,0,4.0,0,34,2,8.5,9,5,0,0,0,0
72,2020,49,0,0,0,0,0,0,4.0,0,20,2,5.0,13,1,1,0,0,0
102,2020,49,13,14,0,1,0,92.85,3.0,0,21,0,7.0,8,3,0,0,0,0
77,2020,49,0,0,0,0,0,0,3.0,0,34,0,11.33,6,0,4,0,0,0
140,2020,49,14,19,1,1,1,73.68,0,0,0,0,0,0,0,0,0,0,0
79,2020,49,3,2,0,0,0,150.0,0,0,0,0,0,0,0,0,0,0,0
141,2020,49,0,0,0,0,0,0,0,0,0,0,0,0,0,0,1,0,0
105,2020,49,31,11,0,2,3,281.81,3.0,0,20,1,6.66,6,2,0,0,0,0
106,2020,49,0,0,0,0,0,0,3.0,0,31,0,10.33,5,6,0,0,0,0
142,2020,49,0,0,0,0,0,0,0,0,0,0,0,0,0,0,1,0,0
143,2020,48,0,0,0,0,0,0,4.0,0,43,0,10.75,10,3,3,0,0,0
1,2020,48,4,1,0,1,0,400.0,1.0,0,5,1,5.0,2,0,0,0,0,0
144,2020,48,0,0,0,0,0,0,0,0,0,0,0,0,0,0,1,0,0
145,2020,48,17,15,1,0,2,113.33,0,0,0,0,0,0,0,0,0,0,0
146,2020,48,0,0,0,0,0,0,0,0,0,0,0,0,0,0,1,0,0
2,2020,48,25,19,1,3,1,131.57,0,0,0,0,0,0,0,0,0,0,0
25,2020,48,15,12,1,1,1,125.0,0,0,0,0,0,0,0,0,0,0,0
28,2020,48,4,2,1,1,0,200.0,4.0,0,36,1,9.0,10,3,2,0,0,0
30,2020,48,2,6,1,0,0,33.33,0,0,0,0,0,0,0,0,0,0,0
6,2020,48,79,43,0,10,3,183.72,0,0,0,0,0,0,0,0,0,0,0
32,2020,48,10,6,0,1,0,166.66,4.0,0,20,0,5.0,10,1,0,0,0,0
34,2020,48,0,0,0,0,0,0,0,0,0,0,0,0,0,0,1,0,0
122,2020,48,0,0,0,0,0,0,4.0,1,14,3,3.5,15,1,0,0,0,0
110,2020,48,0,0,0,0,0,0,0,0,0,0,0,0,0,0,2,0,0
8,2020,48,10,10,1,1,0,100.0,4.0,0,27,0,6.75,8,3,0,0,0,0
11,2020,48,0,0,0,0,0,0,4.0,0,43,1,10.75,8,6,1,1,0,0
43,2020,48,74,45,1,12,1,164.44,0,0,0,0,0,0,0,0,0,0,0
44,2020,48,0,0,0,0,0,0,3.1,0,28,2,8.84,10,5,0,0,0,0
147,2020,48,0,0,0,0,0,0,0,0,0,0,0,0,0,0,1,0,0
148,2020,48,0,0,0,0,0,0,0,0,0,0,0,0,0,0,1,0,0
114,2020,48,14,11,0,2,0,127.27,0,0,0,0,0,0,0,0,0,0,0
17,2020,48,18,19,1,0,1,94.73,0,0,0,0,0,0,0,0,0,0,0
46,2020,48,9,14,1,0,0,64.28,0,0,0,0,0,0,0,0,0,0,0
18,2020,48,5,8,1,0,0,62.5,0,0,0,0,0,0,0,0,0,0,0
47,2020,48,33,24,1,4,1,137.5,0,0,0,0,0,0,0,0,0,0,0
48,2020,48,0,0,0,0,0,0,4.0,0,37,2,9.25,8,3,2,0,0,0
149,2020,48,0,0,0,0,0,0,0,0,0,0,0,0,0,0,1,0,0
125,2020,48,0,0,0,0,0,0,4.0,0,40,1,10.0,10,6,1,0,0,0
22,2020,48,0,0,0,0,0,0,3.0,0,35,0,11.66,4,5,1,0,0,0
118,2020,48,0,0,0,0,0,0,0,0,0,0,0,0,0,0,1,0,0
23,2020,47,7,12,1,0,0,58.33,0,0,0,0,0,0,0,0,0,0,0
150,2020,47,0,0,0,0,0,0,0,0,0,0,0,0,0,0,0,1,0
120,2020,47,16,13,1,3,0,123.07,0,0,0,0,0,0,0,0,0,0,0
108,2020,47,11,10,0,1,0,110.0,0,0,0,0,0,0,0,0,0,0,0
3,2020,47,0,0,0,0,0,0,4.0,0,27,2,6.75,11,4,0,0,0,0
4,2020,47,0,0,0,0,0,0,4.0,0,46,1,11.5,6,5,2,0,0,0
27,2020,47,1,3,1,0,0,33.33,4.0,0,37,1,9.25,11,6,0,0,0,0
31,2020,47,1,4,1,0,0,25.0,4.0,0,36,0,9.0,7,3,1,0,0,0
29,2020,47,5,6,1,1,0,83.33,2.0,0,15,0,7.5,2,1,0,0,0,0
151,2020,47,20,9,0,2,1,222.22,3.0,0,35,0,11.66,3,4,1,0,0,0
109,2020,47,44,31,0,4,1,141.93,0,0,0,0,0,0,0,0,0,0,0
35,2020,47,26,19,1,3,1,136.84,0,0,0,0,0,0,0,0,0,0,0
37,2020,47,3,7,1,0,0,42.85,4.0,0,54,0,13.5,6,7,2,0,0,0
9,2020,47,87,45,1,12,2,193.33,0,0,0,0,0,0,0,0,0,0,0
152,2020,47,0,0,0,0,0,0,0,0,0,0,0,0,0,0,0,2,0
10,2020,47,66,34,1,8,2,194.11,0.1,0,2,0,12.0,0,0,0,0,0,0
153,2020,47,0,0,0,0,0,0,0,0,0,0,0,0,0,0,1,0,0
41,2020,47,7,5,1,1,0,140.0,3.0,0,35,1,11.66,4,4,1,0,0,0
13,2020,47,0,0,0,0,0,0,4.0,0,26,2,6.5,11,2,1,0,0,0
14,2020,47,0,0,0,0,0,0,0,0,0,0,0,0,0,0,2,0,0
154,2020,47,0,0,0,0,0,0,0,0,0,0,0,0,0,0,1,0,0
45,2020,47,0,0,0,0,0,0,0,0,0,0,0,0,0,0,1,0,0
19,2020,47,0,0,0,0,0,0,0,0,0,0,0,0,0,0,1,0,0
49,2020,47,0,1,1,0,0,0.0,0,0,0,0,0,0,0,0,0,0,0
20,2020,47,0,0,0,0,0,0,1.0,0,8,1,8.0,2,1,0,0,0,0
155,2020,47,0,0,0,0,0,0,1.5,0,11,1,6.0,3,1,0,0,0,0
50,2020,47,36,35,1,3,1,102.85,0,0,0,0,0,0,0,0,0,0,0
21,2020,47,0,0,0,0,0,0,4.0,0,7,3,1.75,17,0,0,0,0,0
53,2020,46,6,4,1,1,0,150.0,4.0,0,27,0,6.75,9,0,2,0,0,0
156,2020,46,0,0,0,0,0,0,0,0,0,0,0,0,0,0,1,0,0
55,2020,46,0,2,1,0,0,0.0,0,0,0,0,0,0,0,0,0,0,0
56,2020,46,0,1,1,0,0,0.0,0,0,0,0,0,0,0,0,0,0,0
128,2020,46,0,0,0,0,0,0,0,0,0,0,0,0,0,0,1,0,0
88,2020,46,0,0,0,0,0,0,0,0,0,0,0,0,0,0,2,0,0
90,2020,46,2,3,0,0,0,66.66,0,0,0,0,0,0,0,0,0,0,0
130,2020,46,0,0,0,0,0,0,2.0,0,21,1,10.5,4,1,2,0,0,0
61,2020,46,40,25,1,5,2,160.0,0,0,0,0,0,0,0,0,0,0,0
92,2020,46,28,25,1,4,0,112.0,0,0,0,0,0,0,0,0,0,0,0
64,2020,46,1,8,1,0,0,12.5,4.0,0,31,0,7.75,13,3,2,0,0,0
93,2020,46,0,0,0,0,0,0,4.0,1,20,2,5.0,11,0,1,0,0,0
95,2020,46,0,0,0,0,0,0,4.0,0,35,3,8.75,13,3,3,0,0,0
67,2020,46,57,45,1,3,4,126.66,0,0,0,0,0,0,0,0,0,0,0
157,2020,46,0,0,0,0,0,0,0,0,0,0,0,0,0,0,1,0,0
138,2020,46,24,13,0,3,1,184.61,3.5,0,32,1,8.34,9,4,1,0,0,0
96,2020,46,66,56,0,8,2,117.85,0,0,0,0,0,0,0,0,0,0,0
97,2020,46,51,29,1,2,5,175.86,0,0,0,0,0,0,0,0,0,0,0
131,2020,46,0,0,0,0,0,0,2.0,0,18,0,9.0,5,3,0,0,0,0
72,2020,46,2,4,1,0,0,50.0,4.0,0,34,1,8.5,10,3,2,0,0,0
101,2020,46,0,0,0,0,0,0,4.0,0,25,2,6.25,11,3,0,0,0,0
104,2020,46,0,0,0,0,0,0,4.0,0,27,1,6.75,13,2,2,0,0,0
77,2020,46,6,13,1,0,0,46.15,0,0,0,0,0,0,0,0,0,0,0
79,2020,46,7,4,1,0,1,175.0,0,0,0,0,0,0,0,0,0,0,0
158,2020,46,0,0,0,0,0,0,0,0,0,0,0,0,0,0,1,0,0
159,2020,46,0,1,0,0,0,0.0,3.0,0,24,0,8.0,7,4,0,0,0,0
52,2020,45,13,11,1,2,0,118.18,0,0,0,0,0,0,0,0,0,0,0
1,2020,45,6,4,1,0,1,150.0,2.0,0,18,0,9.0,3,0,1,0,0,0
145,2020,45,60,21,0,2,7,285.71,0,0,0,0,0,0,0,0,0,0,0
2,2020,45,37,36,1,4,1,102.77,0,0,0,0,0,0,0,0,0,0,0
160,2020,45,0,0,0,0,0,0,0,0,0,0,0,0,0,0,1,0,0
6,2020,45,40,26,1,4,1,153.84,0,0,0,0,0,0,0,0,0,0,0
122,2020,45,0,0,0,0,0,0,4.0,0,38,0,9.5,7,4,1,0,0,0
8,2020,45,3,4,0,0,0,75.0,2.0,0,20,0,10.0,5,4,0,0,0,0
58,2020,45,11,8,1,1,1,137.5,0,0,0,0,0,0,0,0,0,0,0
11,2020,45,0,0,0,0,0,0,3.0,0,36,0,12.0,4,2,3,0,0,0
161,2020,45,0,0,0,0,0,0,0,0,0,0,0,0,0,0,1,0,0
63,2020,45,0,0,0,0,0,0,0,0,0,0,0,0,0,0,2,0,0
65,2020,45,0,0,0,0,0,0,4.0,0,25,0,6.25,8,2,0,0,0,0
66,2020,45,107,60,0,14,3,178.33,0,0,0,0,0,0,0,0,0,0,0
71,2020,45,0,0,0,0,0,0,4.0,0,45,1,11.25,6,4,3,0,0,0
17,2020,45,6,4,1,0,1,150.0,0,0,0,0,0,0,0,0,0,0,0
18,2020,45,34,25,1,4,1,136.0,0,0,0,0,0,0,0,0,0,0,0
74,2020,45,0,0,0,0,0,0,4.0,0,31,2,7.75,11,2,2,0,0,0
162,2020,45,0,0,0,0,0,0,4.0,0,60,0,15.0,7,3,6,0,0,0
80,2020,45,54,31,0,4,3,174.19,0,0,0,0,0,0,0,0,0,0,0
125,2020,45,0,0,0,0,0,0,4.0,0,40,0,10.0,7,6,0,0,0,0
22,2020,45,0,0,0,0,0,0,3.2,0,40,2,12.0,9,5,2,0,0,0
83,2020,45,0,0,0,0,0,0,4.0,0,30,2,7.5,8,3,1,0,0,0
163,2020,44,1,2,1,0,0,50.0,2.0,0,17,0,8.5,3,1,1,0,0,0
164,2020,44,0,0,0,0,0,0,0,0,0,0,0,0,0,0,2,0,0
85,2020,44,39,27,1,3,2,144.44,0,0,0,0,0,0,0,0,0,0,0
165,2020,44,15,11,1,3,0,136.36,0,0,0,0,0,0,0,0,0,0,0
25,2020,44,39,36,1,4,0,108.33,0,0,0,0,0,0,0,0,0,0,0
28,2020,44,2,5,1,0,0,40.0,3.4,0,36,1,9.81,10,4,2,0,0,0
34,2020,44,0,0,0,0,0,0,0,0,0,0,0,0,0,0,1,0,0
32,2020,44,5,2,0,1,0,250.0,4.0,0,27,0,6.75,8,1,1,0,0,0
87,2020,44,65,51,0,4,3,127.45,0,0,0,0,0,0,0,0,0,0,0
166,2020,44,0,0,0,0,0,0,2.0,0,20,0,10.0,4,2,0,0,0,0
134,2020,44,19,21,0,3,0,90.47,0,0,0,0,0,0,0,0,0,0,0
89,2020,44,0,0,0,0,0,0,0,0,0,0,0,0,0,0,2,0,0
91,2020,44,25,13,1,2,2,192.3,0,0,0,0,0,0,0,0,0,0,0
43,2020,44,22,21,1,2,1,104.76,0,0,0,0,0,0,0,0,0,0,0
44,2020,44,0,0,0,0,0,0,2.0,0,29,0,14.5,3,3,2,0,0,0
114,2020,44,2,2,0,0,0,100.0,0,0,0,0,0,0,0,0,0,0,0
139,2020,44,0,0,0,0,0,0,4.0,0,23,1,5.75,7,2,0,0,0,0
99,2020,44,0,0,0,0,0,0,4.0,0,30,0,7.5,7,3,0,0,0,0
46,2020,44,50,43,1,1,1,116.27,0,0,0,0,0,0,0,0,0,0,0
48,2020,44,0,0,0,0,0,0,4.0,0,21,1,5.25,7,1,0,0,0,0
167,2020,44,0,0,0,0,0,0,0,0,0,0,0,0,0,0,1,0,0
102,2020,44,0,0,0,0,0,0,3.0,0,19,3,6.33,6,1,0,0,0,0
116,2020,44,0,0,0,0,0,0,3.0,0,19,0,6.33,10,2,1,0,0,0
105,2020,44,0,0,0,0,0,0,3.0,0,20,0,6.66,4,0,1,0,0,0
106,2020,44,0,0,0,0,0,0,4.0,0,31,2,7.75,9,3,1,0,0,0
168,2020,43,0,2,1,0,0,0.0,4.0,0,31,0,7.75,7,3,0,0,0,0
3,2020,43,0,2,1,0,0,0.0,4.0,0,29,2,7.25,10,1,1,0,0,0
169,2020,43,0,0,0,0,0,0,0,0,0,0,0,0,0,0,2,0,0
4,2020,43,5,8,1,0,0,62.5,4.0,0,27,2,6.75,6,2,0,0,0,0
170,2020,43,0,0,0,0,0,0,0,0,0,0,0,0,0,0,0,1,0
171,2020,43,0,0,0,0,0,0,0,0,0,0,0,0,0,0,0,1,0
128,2020,43,0,0,0,0,0,0,0,0,0,0,0,0,0,0,1,0,0
109,2020,43,15,29,1,0,0,51.72,0,0,0,0,0,0,0,0,0,0,0
88,2020,43,0,0,0,0,0,0,0,0,0,0,0,0,0,0,2,0,0
90,2020,43,32,28,0,2,0,114.28,0,0,0,0,0,0,0,0,0,0,0
130,2020,43,12,13,1,0,0,92.3,0,0,0,0,0,0,0,0,0,0,0
10,2020,43,35,20,1,3,2,175.0,0,0,0,0,0,0,0,0,0,0,0
172,2020,43,3,5,1,0,0,60.0,0,0,0,0,0,0,0,0,0,0,0
13,2020,43,0,0,0,0,0,0.0,4.0,0,23,0,5.75,10,1,0,0,0,0
92,2020,43,27,27,1,2,1,100.0,0,0,0,0,0,0,0,0,0,0,0
14,2020,43,0,0,0,0,0,0,0,0,0,0,0,0,0,0,2,0,0
93,2020,43,0,0,0,0,0,0.0,4.0,0,13,1,3.25,14,1,0,0,1,0
94,2020,43,0,2,1,0,0,0.0,0,0,0,0,0,0,0,0,0,0,0
95,2020,43,0,0,0,0,0,0,4.0,0,34,1,8.5,11,4,1,0,0,0
112,2020,43,7,5,1,1,0,140.0,0,0,0,0,0,0,0,0,0,0,0
173,2020,43,19,20,1,4,0,95.0,0,0,0,0,0,0,0,0,0,0,0
96,2020,43,17,14,1,1,0,121.42,0,0,0,0,0,0,0,0,0,0,0
97,2020,43,20,20,1,2,1,100.0,0,0,0,0,0,0,0,0,0,0,0
131,2020,43,0,0,0,0,0,0,3.5,0,23,3,6.0,9,1,1,0,0,0
101,2020,43,7,12,1,0,0,58.33,4.0,0,17,3,4.25,12,1,0,0,0,0
174,2020,43,0,0,0,0,0,0,0,0,0,0,0,0,0,0,1,0,0
175,2020,43,0,0,0,0,0,0,0,0,0,0,0,0,0,0,1,0,0
104,2020,43,4,4,1,0,0,100.0,4.0,0,27,1,6.75,12,5,0,0,0,0
155,2020,43,26,27,1,4,0,96.29,0,0,0,0,0,0,0,0,0,0,0
176,2020,43,0,0,0,0,0,0,0,0,0,0,0,0,0,0,1,0,0
158,2020,43,0,0,0,0,0,0,0,0,0,0,0,0,0,0,1,0,0
21,2020,43,0,1,1,0,0,0.0,4.0,0,14,2,3.5,15,0,1,0,0,0
23,2020,42,47,38,1,5,0,123.68,0,0,0,0,0,0,0,0,0,0,0
120,2020,42,10,5,1,0,1,200.0,0,0,0,0,0,0,0,0,0,0,0
53,2020,42,64,32,1,6,4,200.0,4.0,0,37,0,9.25,4,0,2,0,0,0
24,2020,42,0,0,0,0,0,0,0,0,0,0,0,0,0,0,1,0,0
27,2020,42,0,0,0,0,0,0.0,4.0,0,27,2,6.75,9,4,0,0,0,0
31,2020,42,9,7,1,0,1,128.57,1.0,0,7,0,7.0,3,1,0,0,0,0
29,2020,42,6,6,1,0,0,100.0,4.0,0,41,2,10.25,9,6,1,0,0,0
55,2020,42,3,6,1,0,0,50.0,0,0,0,0,0,0,0,0,0,0,0
56,2020,42,81,53,1,13,1,152.83,0,0,0,0,0,0,0,0,0,0,0
151,2020,42,1,3,1,0,0,33.33,4.0,0,40,0,10.0,10,6,1,0,0,0
177,2020,42,0,0,0,0,0,0,0,0,0,0,0,0,0,0,1,0,0
35,2020,42,0,1,1,0,0,0.0,0,0,0,0,0,0,0,0,0,0,0
37,2020,42,9,10,1,1,0,90.0,4.0,0,33,2,8.25,10,3,1,0,0,0
39,2020,42,0,0,0,0,0,0,0,0,0,0,0,0,0,0,1,0,0
61,2020,42,17,9,1,2,1,188.88,0,0,0,0,0,0,0,0,0,0,0
41,2020,42,14,13,0,2,0,107.69,3.0,0,45,0,15.0,2,4,3,0,0,0
178,2020,42,0,0,0,0,0,0,0,0,0,0,0,0,0,0,1,0,0
64,2020,42,0,0,0,0,0,0.0,4.0,0,17,3,4.25,16,3,0,0,0,0
67,2020,42,9,8,1,2,0,112.5,0,0,0,0,0,0,0,0,0,0,0
154,2020,42,0,0,0,0,0,0,0,0,0,0,0,0,0,0,1,0,0
138,2020,42,0,0,0,0,0,0,4.0,0,30,1,7.5,8,4,0,0,0,0
179,2020,42,0,0,0,0,0,0,0,0,0,0,0,0,0,0,1,0,0
72,2020,42,0,0,0,0,0,0,4.0,0,20,5,5.0,9,1,0,0,0,0
76,2020,42,0,0,0,0,0,0,0,0,0,0,0,0,0,0,1,0,0
180,2020,42,0,0,0,0,0,0,0,0,0,0,0,0,0,0,3,0,0
77,2020,42,0,0,0,0,0,0,2.0,0,11,0,5.5,7,2,0,0,0,0
49,2020,42,6,6,1,1,0,100.0,0,0,0,0,0,0,0,0,0,0,0
79,2020,42,13,12,1,1,0,108.33,0,0,0,0,0,0,0,0,0,0,0
159,2020,42,0,0,0,0,0,0,2.0,0,19,0,9.5,4,1,1,0,0,0
50,2020,42,27,33,1,2,1,81.81,0,0,0,0,0,0,0,0,0,0,0
181,2020,42,0,0,0,0,0,0,0,0,0,0,0,0,0,0,1,0,0
182,2020,41,0,1,1,0,0,0.0,0,0,0,0,0,0,0,0,0,0,0
1,2020,41,0,0,0,0,0,0,1.0,0,4,0,4.0,2,0,0,0,0,0
84,2020,41,11,20,1,0,0,55.0,2.2,0,26,0,11.14,4,2,2,0,0,0
2,2020,41,68,37,0,6,5,183.78,0,0,0,0,0,0,0,0,0,0,0
85,2020,41,2,3,1,0,0,66.66,0,0,0,0,0,0,0,0,0,0,0
183,2020,41,0,0,0,0,0,0,2.0,0,17,0,8.5,7,4,0,0,0,0
25,2020,41,0,0,0,0,0,0,0,0,0,0,0,0,0,0,3,0,0
5,2020,41,0,0,0,0,0,0,4.0,0,25,1,6.25,14,1,1,0,0,0
87,2020,41,0,5,1,0,0,0.0,0,0,0,0,0,0,0,0,0,0,0
122,2020,41,0,0,0,0,0,0,4.0,0,25,2,6.25,13,4,0,0,0,0
134,2020,41,16,16,1,2,1,100.0,0,0,0,0,0,0,0,0,0,0,0
8,2020,41,0,0,0,0,0,0,3.0,0,16,0,5.33,8,1,0,1,0,0
91,2020,41,1,7,1,0,0,14.28,0,0,0,0,0,0,0,0,0,0,0
11,2020,41,0,0,0,0,0,0,4.0,0,22,2,5.5,13,0,2,0,0,0
147,2020,41,0,0,0,0,0,0,0,0,0,0,0,0,0,0,2,0,0
99,2020,41,13,10,0,2,0,130.0,3.0,0,22,0,7.33,6,0,2,0,0,0
17,2020,41,46,37,0,5,2,124.32,0,0,0,0,0,0,0,0,0,0,0
102,2020,41,52,47,1,4,2,110.63,0,0,0,0,0,0,0,0,0,0,0
125,2020,41,0,0,0,0,0,0,4.0,1,18,4,4.5,17,3,0,0,0,0
105,2020,41,7,6,1,1,0,116.66,1.0,0,15,0,15.0,1,0,2,0,0,0
106,2020,41,0,5,1,0,0,0.0,4.0,0,34,0,8.5,11,5,1,0,0,0
52,2020,40,19,13,1,2,1,146.15,0,0,0,0,0,0,0,0,0,0,0
107,2020,40,0,0,0,0,0,0,0,0,0,0,0,0,0,0,1,0,0
3,2020,40,0,0,0,0,0,0,4.0,0,31,0,7.75,8,3,1,0,0,0
4,2020,40,0,0,0,0,0,0,4.0,0,33,3,8.25,11,3,1,0,0,0
57,2020,40,20,12,1,2,1,166.66,0,0,0,0,0,0,0,0,0,0,0
109,2020,40,83,47,0,4,8,176.59,0,0,0,0,0,0,0,0,0,0,0
184,2020,40,0,0,0,0,0,0,0,0,0,0,0,0,0,0,0,1,0
58,2020,40,19,15,1,2,0,126.66,0,0,0,0,0,0,0,0,0,0,0
10,2020,40,4,4,1,1,0,100.0,0,0,0,0,0,0,0,0,0,0,0
185,2020,40,0,0,0,0,0,0,0,0,0,0,0,0,0,0,1,0,0
13,2020,40,0,0,0,0,0,0,4.0,0,46,0,11.5,5,4,2,0,0,0
14,2020,40,0,0,0,0,0,0,0,0,0,0,0,0,0,0,1,0,0
63,2020,40,0,0,0,0,0,0,0,0,0,0,0,0,0,0,1,0,0
65,2020,40,2,3,0,0,0,66.66,4.0,0,25,0,6.25,6,0,1,0,0,0
66,2020,40,30,32,1,2,0,93.75,2.0,0,24,0,12.0,5,0,3,0,0,0
173,2020,40,10,7,1,1,1,142.85,0,0,0,0,0,0,0,0,0,0,0
71,2020,40,0,0,0,0,0,0,3.1,0,42,0,13.26,7,4,3,0,0,0
74,2020,40,16,7,0,1,1,228.57,4.0,0,21,2,5.25,16,4,0,0,0,0
78,2020,40,9,12,1,0,0,75.0,0,0,0,0,0,0,0,0,0,0,0
162,2020,40,0,0,0,0,0,0,1.0,0,11,0,11.0,4,1,1,0,0,0
155,2020,40,52,51,0,6,0,101.96,3.0,0,15,1,5.0,8,1,0,0,0,0
20,2020,40,0,0,0,0,0,0,1.0,0,9,0,9.0,0,1,0,0,0,0
80,2020,40,36,26,1,3,1,138.46,0,0,0,0,0,0,0,0,0,0,0
21,2020,40,0,0,0,0,0,0,4.0,0,20,1,5.0,9,0,0,0,0,0
83,2020,40,0,0,0,0,0,0,4.0,0,32,0,8.0,7,3,1,0,0,0
144,2020,39,0,0,0,0,0,0,0,0,0,0,0,0,0,0,1,0,0
165,2020,39,16,21,1,2,0,76.19,0,0,0,0,0,0,0,0,0,0,0
25,2020,39,0,0,0,0,0,0,0,0,0,0,0,0,0,0,2,0,0
28,2020,39,0,0,0,0,0,0,4.0,1,16,0,4.0,15,1,0,0,0,0
32,2020,39,0,0,0,0,0,0,4.0,1,14,1,3.5,14,1,0,0,0,0
55,2020,39,4,14,1,0,0,28.57,0,0,0,0,0,0,0,0,0,0,0
56,2020,39,0,1,1,0,0,0.0,0,0,0,0,0,0,0,0,0,0,0
110,2020,39,0,0,0,0,0,0,0,0,0,0,0,0,0,0,1,1,0
60,2020,39,0,0,0,0,0,0,0,0,0,0,0,0,0,0,0,1,0
61,2020,39,30,34,1,3,1,88.23,0,0,0,0,0,0,0,0,0,0,0
40,2020,39,0,0,0,0,0,0,1.0,0,6,0,6.0,3,1,0,0,0,0
118,2020,39,0,0,0,0,0,0,0,0,0,0,0,0,0,0,1,0,0
64,2020,39,4,17,1,0,0,23.52,3.0,0,18,0,6.0,9,2,0,0,0,0
43,2020,39,25,17,1,3,0,147.05,0,0,0,0,0,0,0,0,0,0,0
44,2020,39,0,0,0,0,0,0,4.0,2,8,3,2.0,16,0,0,0,0,0
186,2020,39,12,19,1,1,0,63.15,0,0,0,0,0,0,0,0,0,0,0
67,2020,39,1,6,1,0,0,16.66,0,0,0,0,0,0,0,0,0,0,0
138,2020,39,19,16,0,1,0,118.75,4.0,0,17,1,4.25,14,2,0,0,0,0
70,2020,39,0,0,0,0,0,0,0,0,0,0,0,0,0,0,1,0,0
114,2020,39,21,26,0,4,0,80.76,0,0,0,0,0,0,0,0,0,0,0
46,2020,39,18,17,0,2,0,105.88,0,0,0,0,0,0,0,0,0,0,0
72,2020,39,0,0,0,0,0,0,4.0,0,28,0,7.0,11,5,0,0,0,0
48,2020,39,0,0,0,0,0,0,4.0,0,15,2,3.75,13,1,0,0,0,0
187,2020,39,10,8,1,1,1,125.0,0,0,0,0,0,0,0,0,0,0,0
116,2020,39,0,0,0,0,0,0,3.0,0,23,1,7.66,11,2,2,0,0,0
79,2020,39,1,5,1,0,0,20.0,0,0,0,0,0,0,0,0,0,0,0
159,2020,39,0,0,0,0,0,0,2.3,0,20,0,8.0,5,2,0,0,0,0
188,2020,39,0,0,0,0,0,0,0,0,0,0,0,0,0,0,0,1,0
23,2020,38,14,12,1,0,1,116.66,0,0,0,0,0,0,0,0,0,0,0
120,2020,38,10,6,1,0,1,166.66,0,0,0,0,0,0,0,0,0,0,0
24,2020,38,0,0,0,0,0,0,0,0,0,0,0,0,0,0,2,1,0
189,2020,38,0,0,0,0,0,0,0,0,0,0,0,0,0,0,1,0,0
86,2020,38,5,9,1,0,0,55.55,0,0,0,0,0,0,0,0,0,0,0
29,2020,38,9,10,1,0,0,90.0,1.0,0,14,0,14.0,2,1,1,0,0,0
31,2020,38,0,0,0,0,0,0,4.0,0,27,1,6.75,8,2,1,0,0,0
190,2020,38,0,0,0,0,0,0,0,0,0,0,0,0,0,0,1,0,0
151,2020,38,0,0,0,0,0,0,2.0,0,41,0,20.5,2,5,3,0,0,0
37,2020,38,0,0,0,0,0,0,4.0,0,27,2,6.75,9,3,0,0,0,0
88,2020,38,0,0,0,0,0,0,0,0,0,0,0,0,0,0,1,0,0
90,2020,38,53,28,1,6,3,189.28,0,0,0,0,0,0,0,0,0,0,0
130,2020,38,32,24,1,3,0,133.33,4.0,0,31,1,7.75,5,2,1,0,0,0
41,2020,38,0,0,0,0,0,0,4.0,0,27,1,6.75,9,2,0,0,0,0
42,2020,38,7,11,1,1,0,63.63,0,0,0,0,0,0,0,0,0,0,0
92,2020,38,15,11,1,1,1,136.36,0,0,0,0,0,0,0,0,0,0,0
93,2020,38,0,0,0,0,0,0,3.0,0,24,0,8.0,5,2,1,0,0,0
94,2020,38,15,22,0,1,0,68.18,0,0,0,0,0,0,0,0,0,0,0
95,2020,38,0,0,0,0,0,0,4.0,0,28,2,7.0,12,4,0,0,0,0
97,2020,38,29,13,1,3,2,223.07,0,0,0,0,0,0,0,0,0,0,0
131,2020,38,0,0,0,0,0,0,3.0,0,30,0,10.0,4,3,1,0,0,0
191,2020,38,0,0,0,0,0,0,0,0,0,0,0,0,0,0,2,0,0
103,2020,38,10,8,0,0,1,125.0,2.0,0,17,1,8.5,4,1,1,0,0,0
104,2020,38,0,0,0,0,0,0,4.0,0,33,1,8.25,5,2,1,0,0,0
49,2020,38,106,61,0,12,3,173.77,0,0,0,0,0,0,0,0,0,0,0
158,2020,38,0,0,0,0,0,0,0,0,0,0,0,0,0,0,0,1,0
50,2020,38,14,20,1,1,0,70.0,0,0,0,0,0,0,0,0,0,0,0
51,2020,38,0,0,0,0,0,0,4.0,0,30,0,7.5,10,1,2,0,0,0
52,2020,37,4,9,1,0,0,44.44,0,0,0,0,0,0,0,0,0,0,0
84,2020,37,0,0,0,0,0,0,4.0,0,34,0,8.5,8,3,1,0,0,0
54,2020,37,0,0,0,0,0,0,0,0,0,0,0,0,0,0,2,0,0
183,2020,37,0,0,0,0,0,0,4.0,0,19,1,4.75,14,2,0,0,0,0
85,2020,37,13,19,1,2,0,68.42,0,0,0,0,0,0,0,0,0,0,0
160,2020,37,0,0,0,0,0,0,0,0,0,0,0,0,0,0,0,1,0
192,2020,37,4,7,0,0,0,57.14,0,0,0,0,0,0,0,0,0,0,0
129,2020,37,0,0,0,0,0,0,0,0,0,0,0,0,0,0,1,0,0
134,2020,37,28,28,1,2,0,100.0,0,0,0,0,0,0,0,0,0,0,0
58,2020,37,26,34,0,2,0,76.47,0,0,0,0,0,0,0,0,0,0,0
91,2020,37,10,9,1,1,0,111.11,0,0,0,0,0,0,0,0,0,0,0
83,2020,37,0,0,0,0,0,0,4.0,0,14,1,3.5,12,0,0,0,0,0
65,2020,37,0,0,0,0,0,0,4.0,0,18,1,4.5,11,0,0,0,0,0
66,2020,37,19,11,1,3,0,172.72,3.0,0,27,0,9.0,4,2,1,0,0,0
193,2020,37,0,0,0,0,0,0,3.0,0,32,0,10.66,5,4,1,0,0,0
71,2020,37,0,0,0,0,0,0,4.0,0,35,1,8.75,11,7,0,0,0,0
100,2020,37,0,0,0,0,0,0,0,0,0,0,0,0,0,0,2,0,0
73,2020,37,0,0,0,0,0,0,0,0,0,0,0,0,0,0,1,1,0
74,2020,37,0,0,0,0,0,0,4.0,0,20,1,5.0,11,2,0,0,0,0
102,2020,37,22,25,1,1,1,88.0,1.0,0,6,0,6.0,2,0,0,0,0,0
78,2020,37,70,48,0,7,2,145.83,0,0,0,0,0,0,0,0,0,0,0
162,2020,37,0,0,0,0,0,0,1.0,0,8,0,8.0,2,1,0,0,0,0
140,2020,37,8,3,1,2,0,266.66,0,0,0,0,0,0,0,0,0,0,0
80,2020,37,0,3,1,0,0,0.0,0,0,0,0,0,0,0,0,0,0,0
105,2020,37,35,30,0,4,0,116.66,1.3,0,11,0,7.33,2,1,0,0,0,0
106,2020,37,0,0,0,0,0,0,4.0,1,18,2,4.5,17,2,0,0,0,0
1,2020,36,34,12,0,1,4,283.33,2.0,0,26,0,13.0,3,1,2,0,0,0
145,2020,36,8,4,1,0,1,200.0,0,0,0,0,0,0,0,0,0,0,0
146,2020,36,0,0,0,0,0,0,0,0,0,0,0,0,0,0,1,0,0
2,2020,36,7,7,1,1,0,100.0,0,0,0,0,0,0,0,0,0,0,0
5,2020,36,24,12,0,4,0,200.0,4.0,0,33,0,8.25,9,3,1,0,0,0
86,2020,36,11,10,1,1,0,110.0,0,0,0,0,0,0,0,0,0,0,0
6,2020,36,0,4,1,0,0,0.0,0,0,0,0,0,0,0,0,0,0,0
127,2020,36,0,0,0,0,0,0,0,0,0,0,0,0,0,0,1,0,0
128,2020,36,0,0,0,0,0,0,0,0,0,0,0,0,0,0,1,0,0
122,2020,36,0,0,0,0,0,0,4.0,0,24,3,6.0,12,1,1,0,0,0
8,2020,36,34,30,1,4,1,113.33,2.0,0,12,0,6.0,5,1,0,0,0,0
90,2020,36,24,12,1,2,2,200.0,0,0,0,0,0,0,0,0,0,0,0
130,2020,36,0,2,1,0,0,0.0,4.0,0,24,0,6.0,9,3,0,0,0,0
11,2020,36,0,0,0,0,0,0,4.0,0,33,2,8.25,9,2,2,0,0,0
161,2020,36,0,0,0,0,0,0,0,0,0,0,0,0,0,0,0,1,0
12,2020,36,9,8,1,2,0,112.5,0,0,0,0,0,0,0,0,0,0,0
92,2020,36,77,51,1,7,3,150.98,0,0,0,0,0,0,0,0,0,0,0
93,2020,36,0,0,0,0,0,0,2.0,0,12,1,6.0,5,0,1,0,0,0
194,2020,36,0,0,0,0,0,0,0,0,0,0,0,0,0,0,1,0,0
94,2020,36,23,16,0,1,1,143.75,1.0,0,9,0,9.0,2,0,1,0,0,0
195,2020,36,0,0,0,0,0,0,0,0,0,0,0,0,0,0,0,1,0
95,2020,36,0,0,0,0,0,0,4.0,0,30,2,7.5,12,4,0,0,0,0
97,2020,36,24,21,1,1,2,114.28,0,0,0,0,0,0,0,0,0,0,0
131,2020,36,0,0,0,0,0,0,3.0,0,35,2,11.66,8,3,3,0,0,0
196,2020,36,0,0,0,0,0,0,0,0,0,0,0,0,0,0,1,0,0
17,2020,36,53,43,1,3,3,123.25,0,0,0,0,0,0,0,0,0,0,0
191,2020,36,0,0,0,0,0,0,0,0,0,0,0,0,0,0,1,0,0
101,2020,36,13,8,1,2,0,162.5,3.0,0,32,1,10.66,6,1,3,0,0,0
104,2020,36,0,0,0,0,0,0,3.0,0,28,0,9.33,7,4,1,0,0,0
158,2020,36,0,0,0,0,0,0,0,0,0,0,0,0,0,0,2,0,0
125,2020,36,0,0,0,0,0,0,4.0,0,48,0,12.0,6,6,2,0,0,0
107,2020,35,0,0,0,0,0,0,0,0,0,0,0,0,0,0,1,0,0
108,2020,35,29,19,1,4,1,152.63,0,0,0,0,0,0,0,0,0,0,0
3,2020,35,0,0,0,0,0,0,4.0,0,27,0,6.75,6,1,1,0,0,0
171,2020,35,0,0,0,0,0,0,0,0,0,0,0,0,0,0,1,0,0
55,2020,35,29,14,0,2,2,207.14,0,0,0,0,0,0,0,0,0,0,0
56,2020,35,29,20,1,3,1,145.0,0,0,0,0,0,0,0,0,0,0,0
197,2020,35,0,0,0,0,0,0,0,0,0,0,0,0,0,0,1,0,0
109,2020,35,6,7,1,0,0,85.71,0,0,0,0,0,0,0,0,0,0,0
7,2020,35,0,0,0,0,0,0,0,0,0,0,0,0,0,0,2,0,0
198,2020,35,0,0,0,0,0,0,4.0,0,46,1,11.5,5,6,1,0,0,0
10,2020,35,47,33,0,5,0,142.42,0,0,0,0,0,0,0,0,0,0,0
172,2020,35,4,7,1,0,0,57.14,0,0,0,0,0,0,0,0,0,0,0
61,2020,35,34,23,1,3,1,147.82,0,0,0,0,0,0,0,0,0,0,0
178,2020,35,0,0,0,0,0,0,0,0,0,0,0,0,0,0,2,0,0
13,2020,35,0,0,0,0,0,0,4.0,0,40,2,10.0,9,4,2,0,0,0
64,2020,35,0,0,0,0,0,0,4.0,0,28,1,7.0,13,3,1,0,0,0
186,2020,35,0,0,0,0,0,0,3.0,0,18,0,6.0,5,0,0,0,0,0
67,2020,35,36,37,1,5,0,97.29,0,0,0,0,0,0,0,0,0,0,0
112,2020,35,23,15,1,2,1,153.33,0,0,0,0,0,0,0,0,0,0,0
173,2020,35,36,28,1,7,0,128.57,0,0,0,0,0,0,0,0,0,0,0
138,2020,35,0,0,0,0,0,0,4.0,0,15,3,3.75,13,0,0,0,0,0
199,2020,35,0,0,0,0,0,0,0,0,0,0,0,0,0,0,1,0,0
72,2020,35,0,0,0,0,0,0,4.0,0,32,1,8.0,7,4,0,0,0,0
155,2020,35,7,10,1,0,0,70.0,4.0,0,20,1,5.0,13,3,0,0,0,0
79,2020,35,23,16,1,2,1,143.75,0,0,0,0,0,0,0,0,0,0,0
81,2020,35,0,0,0,0,0,0,3.0,0,34,1,11.33,6,5,1,0,0,0
82,2020,35,9,11,1,1,0,81.81,2.0,0,29,0,14.5,3,6,0,0,0,0
21,2020,35,1,2,0,0,0,50.0,4.0,0,28,1,7.0,9,2,1,0,0,0
23,2020,34,23,23,1,1,1,100.0,0,0,0,0,0,0,0,0,0,0,0
84,2020,34,0,0,0,0,0,0,4.0,0,39,1,9.75,5,3,2,0,0,0
132,2020,34,0,0,0,0,0,0,0,0,0,0,0,0,0,0,1,0,0
164,2020,34,0,0,0,0,0,0,0,0,0,0,0,0,0,0,2,0,0
85,2020,34,45,25,0,1,4,180.0,0,0,0,0,0,0,0,0,0,0,0
27,2020,34,0,0,0,0,0,0,4.0,0,44,2,11.0,10,3,4,0,0,0
31,2020,34,21,5,0,0,3,420.0,4.0,0,23,0,5.75,5,1,0,0,0,0
29,2020,34,24,14,1,1,2,171.42,1.0,0,10,0,10.0,1,0,1,0,0,0
200,2020,34,0,0,0,0,0,0,0,0,0,0,0,0,0,0,1,0,0
133,2020,34,0,0,0,0,0,0,0,0,0,0,0,0,0,0,1,0,0
151,2020,34,0,0,0,0,0,0,4.0,0,39,1,9.75,9,3,2,0,0,0
35,2020,34,8,10,1,1,0,80.0,0,0,0,0,0,0,0,0,0,0,0
37,2020,34,0,0,0,0,0,0,4.0,1,33,1,8.25,12,3,2,0,0,0
134,2020,34,3,5,1,0,0,60.0,0,0,0,0,0,0,0,0,0,0,0
91,2020,34,58,47,1,6,2,123.4,0,0,0,0,0,0,0,0,0,0,0
11,2020,34,0,0,0,0,0,0,0,0,0,0,0,0,0,0,1,0,0
41,2020,34,0,0,0,0,0,0,3.0,0,30,0,10.0,5,3,1,0,0,0
42,2020,34,0,2,1,0,0,0.0,0,0,0,0,0,0,0,0,0,0,0
136,2020,34,0,0,0,0,0,0,3.0,0,34,0,11.33,3,4,1,0,0,0
201,2020,34,0,0,0,0,0,0,0,0,0,0,0,0,0,0,1,0,0
202,2020,34,4,7,1,0,0,57.14,0,0,0,0,0,0,0,0,0,0,0
203,2020,34,0,0,0,0,0,0,3.0,0,23,1,7.66,4,2,0,0,0,0
102,2020,34,0,3,1,0,0,0.0,4.0,0,35,1,8.75,10,5,1,0,0,0
49,2020,34,101,58,0,14,1,174.13,0,0,0,0,0,0,0,0,0,0,0
140,2020,34,36,28,1,6,0,128.57,0,0,0,0,0,0,0,0,0,0,0
204,2020,34,0,0,0,0,0,0,0,0,0,0,0,0,0,0,1,0,0
105,2020,34,33,13,0,0,4,253.84,1.5,0,35,0,19.09,0,2,3,0,0,0
106,2020,34,0,0,0,0,0,0,4.0,1,18,2,4.5,10,1,0,0,0,0
52,2020,33,41,22,1,7,1,186.36,0,0,0,0,0,0,0,0,0,0,0
165,2020,33,14,11,1,0,2,127.27,0,0,0,0,0,0,0,0,0,0,0
25,2020,33,55,22,0,1,6,250.0,0,0,0,0,0,0,0,0,1,0,0
28,2020,33,0,0,0,0,0,0,4.0,0,26,4,6.5,12,1,1,0,0,0
32,2020,33,0,0,0,0,0,0,3.0,0,25,0,8.33,7,4,0,0,0,0
205,2020,33,0,0,0,0,0,0,4.0,0,46,0,11.5,8,2,4,0,0,0
129,2020,33,0,0,0,0,0,0,0,0,0,0,0,0,0,0,1,0,0
36,2020,33,0,0,0,0,0,0,2.0,0,18,0,9.0,3,1,1,0,0,0
110,2020,33,0,0,0,0,0,0,0,0,0,0,0,0,0,0,1,0,0
206,2020,33,0,0,0,0,0,0,0,0,0,0,0,0,0,0,1,0,0
58,2020,33,57,36,1,6,1,158.33,0,0,0,0,0,0,0,0,0,0,0
207,2020,33,0,0,0,0,0,0,0,0,0,0,0,0,0,0,1,0,0
40,2020,33,0,0,0,0,0,0,3.0,0,43,0,14.33,4,5,2,0,0,0
63,2020,33,0,0,0,0,0,0,0,0,0,0,0,0,0,0,1,0,0
65,2020,33,19,11,0,1,1,172.72,4.0,0,30,1,7.5,8,0,1,0,0,0
43,2020,33,35,37,1,2,0,94.59,0,0,0,0,0,0,0,0,0,0,0
66,2020,33,15,19,1,2,0,78.94,0,0,0,0,0,0,0,0,0,0,0
208,2020,33,0,0,0,0,0,0,0,0,0,0,0,0,0,0,1,0,0
114,2020,33,19,17,0,1,0,111.76,0,0,0,0,0,0,0,0,0,0,0
71,2020,33,0,0,0,0,0,0,4.0,0,32,1,8.0,8,3,0,0,0,0
46,2020,33,43,32,1,1,2,134.37,0,0,0,0,0,0,0,0,0,0,0
74,2020,33,2,3,1,0,0,66.66,3.4,0,38,0,10.36,8,0,4,0,0,0
48,2020,33,0,0,0,0,0,0,4.0,0,34,2,8.5,9,3,1,0,0,0
75,2020,33,0,0,0,0,0,0,0,0,0,0,0,0,0,0,1,0,0
116,2020,33,0,0,0,0,0,0,4.0,0,30,0,7.5,6,3,0,0,0,0
78,2020,33,24,25,1,1,1,96.0,0,0,0,0,0,0,0,0,0,0,0
80,2020,33,9,6,1,0,1,150.0,0,0,0,0,0,0,0,0,0,0,0
83,2020,33,0,0,0,0,0,0,4.0,0,32,1,8.0,5,0,1,0,0,0
145,2020,32,21,11,0,3,1,190.9,0,0,0,0,0,0,0,0,0,0,0
209,2020,32,0,0,0,0,0,0,2.5,0,24,0,8.47,6,4,0,0,0,0
25,2020,32,0,0,0,0,0,0,0,0,0,0,0,0,0,0,2,0,0
5,2020,32,0,0,0,0,0,0,4.0,0,51,1,12.75,8,5,3,0,0,0
6,2020,32,10,10,1,1,0,100.0,0,0,0,0,0,0,0,0,0,0,0
55,2020,32,4,8,1,1,0,50.0,0,0,0,0,0,0,0,0,0,0,0
56,2020,32,5,6,1,1,0,83.33,0,0,0,0,0,0,0,0,0,0,0
122,2020,32,0,0,0,0,0,0,4.0,0,22,1,5.5,12,2,0,0,0,0
8,2020,32,0,0,0,0,0,0,4.0,0,23,0,5.75,11,1,1,0,0,0
61,2020,32,39,29,0,2,2,134.48,0,0,0,0,0,0,0,0,0,0,0
11,2020,32,0,0,0,0,0,0,4.0,0,18,2,4.5,13,1,0,0,0,0
161,2020,32,0,0,0,0,0,0,0,0,0,0,0,0,0,0,1,0,0
12,2020,32,35,36,1,5,1,97.22,0,0,0,0,0,0,0,0,0,0,0
64,2020,32,53,36,0,5,2,147.22,3.0,0,28,0,9.33,10,5,1,0,0,0
67,2020,32,21,23,1,2,0,91.3,0,0,0,0,0,0,0,0,0,0,0
147,2020,32,0,0,0,0,0,0,0,0,0,0,0,0,0,0,1,0,0
70,2020,32,0,0,0,0,0,0,0,0,0,0,0,0,0,0,1,0,0
17,2020,32,78,44,0,9,3,177.27,0,0,0,0,0,0,0,0,0,0,0
72,2020,32,0,0,0,0,0,0,4.0,0,23,1,5.75,10,0,1,0,0,0
79,2020,32,7,9,1,1,0,77.77,0,0,0,0,0,0,0,0,0,0,0
81,2020,32,0,0,0,0,0,0,3.0,0,24,1,8.0,9,3,1,0,0,0
159,2020,32,0,0,0,0,0,0,2.0,0,30,0,15.0,2,5,1,0,0,0
82,2020,32,12,9,1,1,1,133.33,2.0,0,15,0,7.5,5,1,1,0,0,0
125,2020,32,0,0,0,0,0,0,4.0,0,32,1,8.0,10,4,1,0,0,0
144,2020,31,0,0,0,0,0,0,0,0,0,0,0,0,0,0,0,1,0
165,2020,31,20,18,1,2,1,111.11,0,0,0,0,0,0,0,0,0,0,0
169,2020,31,0,0,0,0,0,0,0,0,0,0,0,0,0,0,1,0,0
25,2020,31,2,5,1,0,0,40.0,0,0,0,0,0,0,0,0,0,1,0
28,2020,31,25,8,0,1,3,312.5,4.0,0,22,0,5.5,12,0,1,0,0,0
86,2020,31,45,25,1,4,3,180.0,0,0,0,0,0,0,0,0,0,0,0
30,2020,31,23,19,1,0,2,121.05,0,0,0,0,0,0,0,0,0,0,0
32,2020,31,13,14,1,1,0,92.85,4.0,0,38,0,9.5,6,0,4,0,0,0
127,2020,31,0,0,0,0,0,0,0,0,0,0,0,0,0,0,1,0,0
128,2020,31,0,0,0,0,0,0,0,0,0,0,0,0,0,0,1,0,0
88,2020,31,0,0,0,0,0,0,0,0,0,0,0,0,0,0,2,0,0
90,2020,31,6,1,0,0,1,600.0,0,0,0,0,0,0,0,0,0,0,0
130,2020,31,0,0,0,0,0,0,4.0,0,28,0,7.0,6,1,1,0,0,0
40,2020,31,10,5,0,0,1,200.0,2.0,0,14,0,7.0,4,0,1,0,0,0
92,2020,31,61,49,0,1,5,124.48,0,0,0,0,0,0,0,0,0,0,0
93,2020,31,0,0,0,0,0,0,3.0,0,29,0,9.66,6,1,2,0,0,0
43,2020,31,18,12,1,1,1,150.0,0,0,0,0,0,0,0,0,0,0,0
44,2020,31,0,0,0,0,0,0,3.0,0,44,0,14.66,2,2,4,0,0,0
95,2020,31,0,0,0,0,0,0,4.0,0,45,2,11.25,6,2,4,0,0,0
97,2020,31,53,45,1,1,5,117.77,0,0,0,0,0,0,0,0,0,0,0
131,2020,31,0,0,0,0,0,0,2.0,0,20,1,10.0,3,3,0,0,0,0
46,2020,31,48,39,1,3,0,123.07,0,0,0,0,0,0,0,0,0,0,0
48,2020,31,0,0,0,0,0,0,3.0,0,35,1,11.66,8,2,3,0,0,0
101,2020,31,0,0,0,0,0,0,3.0,0,20,1,6.66,5,0,1,0,0,0
116,2020,31,0,0,0,0,0,0,4.0,0,21,0,5.25,14,2,1,0,0,0
104,2020,31,0,0,0,0,0,0,4.0,0,23,2,5.75,7,1,0,0,0,0
52,2020,30,32,27,1,3,1,118.51,0,0,0,0,0,0,0,0,0,0,0
23,2020,30,53,43,1,3,2,123.25,0,0,0,0,0,0,0,0,0,0,0
160,2020,30,0,0,0,0,0,0,0,0,0,0,0,0,0,0,2,0,0
27,2020,30,0,0,0,0,0,0,4.0,0,33,2,8.25,10,3,2,0,0,0
31,2020,30,7,4,1,1,0,175.0,4.0,0,32,1,8.0,8,2,2,0,0,0
29,2020,30,18,19,1,1,0,94.73,0,0,0,0,0,0,0,0,0,0,0
57,2020,30,1,2,1,0,0,50.0,0,0,0,0,0,0,0,0,0,0,0
210,2020,30,0,0,0,0,0,0,0,0,0,0,0,0,0,0,0,2,0
151,2020,30,0,0,0,0,0,0,4.0,0,37,2,9.25,5,4,0,0,0,0
205,2020,30,0,0,0,0,0,0,3.0,0,32,2,10.66,5,2,2,0,0,0
35,2020,30,2,9,1,0,0,22.22,0,0,0,0,0,0,0,0,0,0,0
129,2020,30,0,0,0,0,0,0,0,0,0,0,0,0,0,0,1,0,0
37,2020,30,0,0,0,0,0,0,4.0,0,28,1,7.0,9,4,0,0,0,0
58,2020,30,1,4,1,0,0,25.0,0,0,0,0,0,0,0,0,0,0,0
39,2020,30,0,0,0,0,0,0,0,0,0,0,0,0,0,0,1,0,0
211,2020,30,0,0,0,0,0,0,0,0,0,0,0,0,0,0,2,0,0
41,2020,30,0,0,0,0,0,0.0,4.0,0,17,1,4.25,10,1,0,0,0,0
42,2020,30,0,1,1,0,0,0.0,0,0,0,0,0,0,0,0,0,0,0
65,2020,30,14,18,0,1,0,77.77,3.0,0,23,0,7.66,5,3,0,0,0,0
66,2020,30,41,35,1,6,0,117.14,2.0,0,24,0,12.0,2,3,0,0,0,0
154,2020,30,0,0,0,0,0,0,0,0,0,0,0,0,0,0,0,1,0
71,2020,30,0,0,0,0,0,0,4.0,0,30,1,7.5,9,2,1,0,0,0
202,2020,30,14,13,1,0,1,107.69,0,0,0,0,0,0,0,0,0,0,0
74,2020,30,1,4,1,0,0,25.0,4.0,0,19,3,4.75,14,0,1,0,0,0
75,2020,30,0,0,0,0,0,0,0,0,0,0,0,0,0,0,1,0,0
78,2020,30,22,9,1,3,1,244.44,0,0,0,0,0,0,0,0,0,0,0
49,2020,30,57,33,1,6,2,172.72,0,0,0,0,0,0,0,0,0,0,0
80,2020,30,25,18,1,0,2,138.88,0,0,0,0,0,0,0,0,0,0,0
158,2020,30,0,0,0,0,0,0,0,0,0,0,0,0,0,0,1,0,0
83,2020,30,6,4,1,1,0,150.0,4.0,0,31,1,7.75,4,1,1,0,0,0
84,2020,29,0,0,0,0,0,0,2.0,0,10,1,5.0,4,0,0,0,0,0
132,2020,29,0,0,0,0,0,0,0,0,0,0,0,0,0,0,1,0,0
107,2020,29,0,0,0,0,0,0,0,0,0,0,0,0,0,0,1,0,0
108,2020,29,57,39,1,7,0,146.15,0,0,0,0,0,0,0,0,0,0,0
212,2020,29,0,0,0,0,0,0,0,0,0,0,0,0,0,0,1,1,0
3,2020,29,1,2,0,0,0,50.0,4.0,0,19,2,4.75,13,2,0,0,0,0
85,2020,29,41,34,1,3,2,120.58,0,0,0,0,0,0,0,0,0,0,0
168,2020,29,0,0,0,0,0,0,4.0,0,45,2,11.25,10,4,3,0,0,0
109,2020,29,4,3,1,1,0,133.33,0,0,0,0,0,0,0,0,0,0,0
134,2020,29,21,13,1,2,1,161.53,0,0,0,0,0,0,0,0,0,0,0
213,2020,29,0,0,0,0,0,0,0,0,0,0,0,0,0,0,1,0,0
91,2020,29,0,1,1,0,0,0.0,0,0,0,0,0,0,0,0,0,0,0
214,2020,29,0,0,0,0,0,0,0,0,0,0,0,0,0,0,1,0,0
10,2020,29,9,13,1,0,0,69.23,0,0,0,0,0,0,0,0,0,0,0
172,2020,29,16,18,1,1,0,88.88,0,0,0,0,0,0,0,0,0,0,0
13,2020,29,0,1,0,0,0,0.0,4.0,0,41,2,10.25,7,4,2,0,0,0
14,2020,29,0,0,0,0,0,0,0,0,0,0,0,0,0,0,1,0,0
136,2020,29,0,0,0,0,0,0,4.0,0,37,2,9.25,5,3,1,0,0,0
193,2020,29,0,0,0,0,0,0,1.0,0,8,0,8.0,0,0,0,0,0,0
173,2020,29,23,24,1,2,0,95.83,0,0,0,0,0,0,0,0,0,0,0
137,2020,29,0,0,0,0,0,0,0,0,0,0,0,0,0,0,2,0,0
203,2020,29,0,1,1,0,0,0.0,3.0,0,25,2,8.33,8,3,1,0,0,0
19,2020,29,0,0,0,0,0,0,0,0,0,0,0,0,0,0,1,0,0
102,2020,29,31,21,1,3,2,147.61,3.0,0,18,1,6.0,11,3,0,0,0,0
155,2020,29,12,7,1,0,1,171.42,0,0,0,0,0,0,0,0,0,0,0
140,2020,29,42,38,1,1,3,110.52,0,0,0,0,0,0,0,0,0,0,0
20,2020,29,5,5,1,1,0,100.0,4.0,0,29,0,7.25,7,2,1,0,0,0
21,2020,29,14,8,1,1,1,175.0,4.0,0,30,0,7.5,10,0,3,0,0,0
105,2020,29,25,10,0,3,1,250.0,3.0,0,21,1,7.0,5,2,0,0,0,0
106,2020,29,2,2,0,0,0,100.0,4.0,0,28,0,7.0,8,2,0,0,0,0
144,2020,28,0,0,0,0,0,0,0,0,0,0,0,0,0,0,1,0,0
165,2020,28,47,37,1,4,1,127.02,0,0,0,0,0,0,0,0,0,0,0
25,2020,28,73,33,0,5,6,221.21,0,0,0,0,0,0,0,0,0,1,0
28,2020,28,0,0,0,0,0,0,4.0,0,17,2,4.25,10,1,0,0,0,0
34,2020,28,0,0,0,0,0,0,0,0,0,0,0,0,0,0,1,0,0
55,2020,28,1,2,1,0,0,50.0,0,0,0,0,0,0,0,0,0,0,0
56,2020,28,9,14,1,1,0,64.28,0,0,0,0,0,0,0,0,0,0,0
32,2020,28,0,0,0,0,0,0,4.0,0,20,2,5.0,8,1,0,0,0,0
110,2020,28,0,0,0,0,0,0,0,0,0,0,0,0,0,0,1,0,0
61,2020,28,8,12,1,1,0,66.66,0,0,0,0,0,0,0,0,0,0,0
40,2020,28,0,0,0,0,0,0,2.0,0,19,1,9.5,4,2,1,0,0,0
64,2020,28,1,3,1,0,0,33.33,4.0,0,38,0,9.5,11,4,2,0,0,0
43,2020,28,32,23,1,4,1,139.13,0,0,0,0,0,0,0,0,0,0,0
44,2020,28,0,0,0,0,0,0,3.0,0,24,1,8.0,9,3,1,0,0,0
67,2020,28,34,25,1,3,1,136.0,0,0,0,0,0,0,0,0,0,0,0
72,2020,28,7,10,0,0,0,70.0,4.0,0,25,0,6.25,8,1,0,0,0,0
46,2020,28,33,28,0,1,0,117.85,0,0,0,0,0,0,0,0,0,0,0
48,2020,28,0,0,0,0,0,0,4.0,0,12,1,3.0,13,0,0,0,0,0
187,2020,28,8,12,1,0,0,66.66,0,0,0,0,0,0,0,0,0,0,0
116,2020,28,0,0,0,0,0,0,3.0,0,17,1,5.66,8,1,0,0,0,0
77,2020,28,4,7,1,0,0,57.14,4.0,0,36,0,9.0,4,1,2,0,0,0
117,2020,28,0,0,0,0,0,0,0,0,0,0,0,0,0,0,1,1,0
79,2020,28,16,22,1,1,0,72.72,0,0,0,0,0,0,0,0,0,0,0
159,2020,28,2,3,0,0,0,66.66,4.0,0,42,1,10.5,5,5,1,0,0,0
82,2020,28,16,10,1,2,1,160.0,4.0,0,51,1,12.75,7,3,3,0,0,0
23,2020,27,42,33,1,5,0,127.27,0,0,0,0,0,0,0,0,0,0,0
1,2020,27,11,14,0,1,0,78.57,1.0,0,10,0,10.0,0,1,0,0,0,0
145,2020,27,0,2,1,0,0,0.0,0,0,0,0,0,0,0,0,0,0,0
146,2020,27,0,0,0,0,0,0,0,0,0,0,0,0,0,0,1,0,0
2,2020,27,28,15,1,2,2,186.66,0,0,0,0,0,0,0,0,0,0,0
121,2020,27,0,0,0,0,0,0,2.0,0,20,0,10.0,1,3,0,0,0,0
215,2020,27,0,0,0,0,0,0,0,0,0,0,0,0,0,0,1,0,0
27,2020,27,0,0,0,0,0,0,4.0,0,28,0,7.0,11,1,2,0,0,0
31,2020,27,0,0,0,0,0,0,3.0,0,24,1,8.0,6,3,0,0,0,0
29,2020,27,13,8,1,2,0,162.5,2.4,0,31,1,11.62,2,4,1,0,0,0
6,2020,27,53,32,1,6,1,165.62,0,0,0,0,0,0,0,0,0,0,0
33,2020,27,0,0,0,0,0,0,0,0,0,0,0,0,0,0,1,0,0
122,2020,27,0,0,0,0,0,0,4.0,0,26,0,6.5,7,1,0,0,0,0
35,2020,27,15,15,1,3,0,100.0,0,0,0,0,0,0,0,0,0,0,0
37,2020,27,0,0,0,0,0,0,4.0,0,28,2,7.0,13,1,2,0,0,0
8,2020,27,12,7,0,2,0,171.42,4.0,0,26,2,6.5,8,1,1,1,0,0
11,2020,27,0,0,0,0,0,0,4.0,0,27,0,6.75,3,1,0,0,1,0
12,2020,27,5,12,1,0,0,41.66,0,0,0,0,0,0,0,0,0,0,0
42,2020,27,4,3,1,1,0,133.33,0,0,0,0,0,0,0,0,0,0,0
41,2020,27,0,0,0,0,0,0,4.0,0,35,1,8.75,4,3,1,0,0,0
147,2020,27,0,0,0,0,0,0,0,0,0,0,0,0,0,0,0,1,0
201,2020,27,0,0,0,0,0,0,0,0,0,0,0,0,0,0,1,0,0
45,2020,27,0,0,0,0,0,0,0,0,0,0,0,0,0,0,1,0,0
17,2020,27,53,36,1,4,3,147.22,0,0,0,0,0,0,0,0,0,0,0
179,2020,27,0,0,0,0,0,0,0,0,0,0,0,0,0,0,1,0,0
202,2020,27,14,9,0,0,0,155.55,0,0,0,0,0,0,0,0,0,0,0
49,2020,27,69,52,0,6,1,132.69,0,0,0,0,0,0,0,0,0,0,0
125,2020,27,0,0,0,0,0,0,4.0,0,36,1,9.0,9,6,0,0,0,0
22,2020,27,0,0,0,0,0,0,3.0,0,37,0,12.33,6,7,0,0,0,0
52,2020,26,18,15,1,1,1,120.0,0,0,0,0,0,0,0,0,0,0,0
54,2020,26,0,0,0,0,0,0,0,0,0,0,0,0,0,0,0,1,0
108,2020,26,22,12,0,0,2,183.33,0,0,0,0,0,0,0,0,0,0,0
168,2020,26,0,0,0,0,0,0,3.5,0,37,2,9.65,9,1,3,0,0,0
3,2020,26,0,0,0,0,0,0,4.0,0,32,0,8.0,7,3,1,0,0,0
160,2020,26,0,0,0,0,0,0,0,0,0,0,0,0,0,0,0,1,0
171,2020,26,0,0,0,0,0,0,0,0,0,0,0,0,0,0,0,1,0
57,2020,26,42,26,0,2,2,161.53,0,0,0,0,0,0,0,0,0,0,0
109,2020,26,54,44,1,2,3,122.72,0,0,0,0,0,0,0,0,0,0,0
205,2020,26,0,0,0,0,0,0,4.0,0,31,1,7.75,5,1,1,0,0,0
129,2020,26,0,0,0,0,0,0,0,0,0,0,0,0,0,0,1,0,0
58,2020,26,5,6,1,0,0,83.33,0,0,0,0,0,0,0,0,0,0,0
10,2020,26,48,38,1,3,2,126.31,0,0,0,0,0,0,0,0,0,0,0
172,2020,26,15,8,1,1,1,187.5,0,0,0,0,0,0,0,0,0,0,0
214,2020,26,0,0,0,0,0,0,0,0,0,0,0,0,0,0,2,0,0
13,2020,26,0,0,0,0,0,0,4.0,1,32,0,8.0,8,2,2,0,0,0
65,2020,26,45,28,0,4,2,160.71,4.0,0,35,0,8.75,8,2,2,0,0,0
66,2020,26,5,6,1,1,0,83.33,1.0,0,7,0,7.0,2,1,0,0,0,0
173,2020,26,16,19,1,0,1,84.21,0,0,0,0,0,0,0,0,0,0,0
113,2020,26,0,0,0,0,0,0,0,0,0,0,0,0,0,0,0,1,0
71,2020,26,0,0,0,0,0,0,3.0,0,29,1,9.66,5,1,2,0,0,0
115,2020,26,0,0,0,0,0,0,1.0,0,11,0,11.0,1,2,0,0,0,0
73,2020,26,0,0,0,0,0,0,0,0,0,0,0,0,0,0,1,0,0
74,2020,26,0,0,0,0,0,0,4.0,0,25,1,6.25,14,0,2,0,0,0
78,2020,26,16,13,1,1,1,123.07,0,0,0,0,0,0,0,0,0,0,0
155,2020,26,0,0,0,0,0,0,3.0,0,22,0,7.33,3,1,0,0,0,0
80,2020,26,26,25,1,3,0,104.0,0,0,0,0,0,0,0,0,0,0,0
21,2020,26,0,0,0,0,0,0,4.0,0,25,2,6.25,10,3,0,0,0,0
83,2020,26,0,0,0,0,0,0,4.0,0,31,0,7.75,8,1,2,0,0,0
182,2020,25,33,28,1,4,0,117.85,0,0,0,0,0,0,0,0,0,0,0
144,2020,25,0,0,0,0,0,0,0,0,0,0,0,0,0,0,1,0,0
84,2020,25,1,1,0,0,0,100.0,4.0,0,40,2,10.0,9,4,1,0,0,0
106,2020,25,5,5,0,0,0,100.0,3.0,0,10,1,3.33,10,0,0,0,0,0
164,2020,25,0,0,0,0,0,0,0,0,0,0,0,0,0,0,1,0,0
85,2020,25,42,40,1,4,0,105.0,0,0,0,0,0,0,0,0,0,0,0
165,2020,25,2,9,1,0,0,22.22,0,0,0,0,0,0,0,0,0,0,0
25,2020,25,0,2,1,0,0,0.0,0,0,0,0,0,0,0,0,1,0,0
28,2020,25,0,0,0,0,0,0,4.0,0,19,3,4.75,14,2,0,0,0,0
30,2020,25,22,14,0,2,1,157.14,1.0,0,14,0,14.0,0,2,0,0,0,0
32,2020,25,10,10,1,0,1,100.0,3.0,0,16,2,5.33,7,1,0,0,0,0
134,2020,25,10,6,1,0,1,166.66,0,0,0,0,0,0,0,0,0,0,0
110,2020,25,0,0,0,0,0,0,0,0,0,0,0,0,0,0,1,1,0
91,2020,25,8,10,1,0,0,80.0,0,0,0,0,0,0,0,0,0,0,0
40,2020,25,0,0,0,0,0,0,4.0,0,30,1,7.5,5,2,0,0,0,0
43,2020,25,33,34,1,2,1,97.05,0,0,0,0,0,0,0,0,0,0,0
136,2020,25,0,0,0,0,0,0,4.0,0,34,0,8.5,5,1,2,0,0,0
100,2020,25,0,0,0,0,0,0,0,0,0,0,0,0,0,0,2,0,0
46,2020,25,90,52,0,4,4,173.07,0,0,0,0,0,0,0,0,0,0,0
203,2020,25,7,5,1,0,0,140.0,3.0,0,29,0,9.66,2,2,0,0,0,0
48,2020,25,0,0,0,0,0,0,4.0,0,35,1,8.75,6,3,1,0,0,0
116,2020,25,0,0,0,0,0,0,4.0,0,18,0,4.5,16,2,0,0,0,0
102,2020,25,0,1,1,0,0,0.0,4.0,0,48,1,12.0,6,1,4,0,0,0
140,2020,25,14,18,1,3,0,77.77,0,0,0,0,0,0,0,0,0,0,0
105,2020,25,7,6,1,1,0,116.66,2.0,0,7,0,3.5,6,0,0,0,0,0
118,2020,25,0,0,0,0,0,0,0,0,0,0,0,0,0,0,2,0,0
53,2020,24,0,0,0,0,0,0,4.0,0,28,2,7.0,9,3,0,0,0,0
86,2020,24,56,39,1,6,1,143.58,0,0,0,0,0,0,0,0,0,0,0
55,2020,24,58,29,1,8,2,200.0,0,0,0,0,0,0,0,0,0,0,0
190,2020,24,0,0,0,0,0,0,0,0,0,0,0,0,0,0,1,0,0
56,2020,24,2,4,1,0,0,50.0,1.0,0,7,0,7.0,0,0,0,0,0,0
197,2020,24,0,0,0,0,0,0,0,0,0,0,0,0,0,0,1,0,0
128,2020,24,0,0,0,0,0,0,0,0,0,0,0,0,0,0,0,2,0
216,2020,24,0,0,0,0,0,0,4.0,0,44,0,11.0,6,3,2,0,0,0
90,2020,24,16,10,1,2,1,160.0,0,0,0,0,0,0,0,0,0,0,0
130,2020,24,10,5,0,2,0,200.0,0,0,0,0,0,0,0,0,0,0,0
217,2020,24,4,7,1,0,0,57.14,0,0,0,0,0,0,0,0,0,2,0
61,2020,24,24,23,1,2,1,104.34,0,0,0,0,0,0,0,0,0,0,0
178,2020,24,0,0,0,0,0,0,0,0,0,0,0,0,0,0,1,0,0
92,2020,24,74,58,1,6,0,127.58,0,0,0,0,0,0,0,0,0,0,0
64,2020,24,5,4,0,0,0,125.0,4.0,0,29,0,7.25,6,3,0,0,0,0
93,2020,24,0,0,0,0,0,0,4.0,0,25,1,6.25,7,1,0,0,0,0
95,2020,24,0,0,0,0,0,0,4.0,0,30,1,7.5,11,5,0,0,1,0
67,2020,24,57,47,1,5,0,121.27,0,0,0,0,0,0,0,0,0,0,0
96,2020,24,0,1,1,0,0,0.0,0,0,0,0,0,0,0,0,0,1,0
131,2020,24,0,0,0,0,0,0,4.0,1,25,1,6.25,15,4,0,0,0,0
72,2020,24,0,0,0,0,0,0,4.0,0,27,0,6.75,5,2,0,0,0,0
101,2020,24,0,0,0,0,0,0.0,4.0,0,37,0,9.25,8,4,1,0,0,0
218,2020,24,0,0,0,0,0,0,0,0,0,0,0,0,0,0,1,0,0
77,2020,24,0,0,0,0,0,0,3.0,0,40,0,13.33,2,5,1,0,0,0
79,2020,24,4,10,1,1,0,40.0,0,0,0,0,0,0,0,0,0,0,0
159,2020,24,0,0,0,0,0,0,4.0,0,29,3,7.25,12,3,1,0,0,0
82,2020,24,5,3,1,1,0,166.66,0,0,0,0,0,0,0,0,0,0,0
219,2020,24,0,0,0,0,0,0,0,0,0,0,0,0,0,0,0,1,0
23,2020,23,22,18,1,4,0,122.22,0,0,0,0,0,0,0,0,0,0,0
120,2020,23,45,24,1,1,5,187.5,0,0,0,0,0,0,0,0,0,0,0
54,2020,23,0,0,0,0,0,0,0,0,0,0,0,0,0,0,1,0,0
24,2020,23,0,0,0,0,0,0,0,0,0,0,0,0,0,0,1,0,0
160,2020,23,0,0,0,0,0,0,0,0,0,0,0,0,0,0,1,0,0
121,2020,23,16,15,1,1,0,106.66,4.0,0,29,1,7.25,8,0,2,0,0,0
215,2020,23,0,0,0,0,0,0,0,0,0,0,0,0,0,0,1,0,0
31,2020,23,17,8,1,2,1,212.5,2.0,0,8,1,4.0,6,0,0,0,0,0
29,2020,23,39,30,1,0,4,130.0,2.0,0,17,2,8.5,6,0,2,0,0,0
27,2020,23,0,0,0,0,0,0,4.0,0,25,1,6.25,13,2,1,0,0,0
200,2020,23,0,0,0,0,0,0,0,0,0,0,0,0,0,0,1,0,0
220,2020,23,1,2,1,0,0,50.0,0,0,0,0,0,0,0,0,0,0,0
129,2020,23,0,0,0,0,0,0,0,0,0,0,0,0,0,0,2,0,0
37,2020,23,2,3,0,0,0,66.66,3.4,0,35,3,9.54,7,4,1,0,0,0
58,2020,23,24,17,1,2,1,141.17,0,0,0,0,0,0,0,0,0,0,0
221,2020,23,34,36,1,1,2,94.44,0,0,0,0,0,0,0,0,0,0,0
41,2020,23,0,1,0,0,0,0.0,4.0,0,22,2,5.5,9,2,0,0,0,0
42,2020,23,19,10,1,2,1,190.0,0,0,0,0,0,0,0,0,0,0,0
222,2020,23,6,6,1,0,1,100.0,4.0,0,50,1,12.5,5,4,3,0,0,0
65,2020,23,38,29,1,3,2,131.03,4.0,0,20,1,5.0,11,0,1,0,0,0
223,2020,23,0,0,0,0,0,0,0,0,0,0,0,0,0,0,3,0,0
68,2020,23,1,2,1,0,0,50.0,2.0,0,25,0,12.5,4,3,1,0,0,0
69,2020,23,0,0,0,0,0,0,0,0,0,0,0,0,0,0,1,0,0
71,2020,23,2,3,0,0,0,66.66,4.0,0,35,1,8.75,10,1,3,0,0,0
45,2020,23,0,0,0,0,0,0,0,0,0,0,0,0,0,0,1,0,0
179,2020,23,0,0,0,0,0,0,0,0,0,0,0,0,0,0,1,0,0
74,2020,23,2,4,1,0,0,50.0,4.0,0,24,3,6.0,11,3,0,0,0,0
224,2020,23,0,0,0,0,0,0,0,0,0,0,0,0,0,0,1,1,0
78,2020,23,13,8,1,2,0,162.5,0,0,0,0,0,0,0,0,0,0,0
49,2020,23,5,4,1,1,0,125.0,0,0,0,0,0,0,0,0,0,0,0
80,2020,23,5,9,1,0,0,55.55,0,0,0,0,0,0,0,0,0,0,0
50,2020,23,5,9,1,0,0,55.55,0,0,0,0,0,0,0,0,0,0,0
83,2020,23,2,3,1,0,0,66.66,2.0,0,23,0,11.5,4,0,3,0,0,0
108,2020,22,20,10,0,1,1,200.0,0,0,0,0,0,0,0,0,0,0,0
168,2020,22,0,0,0,0,0,0,3.0,0,24,2,8.0,8,4,0,0,0,0
3,2020,22,0,0,0,0,0,0,4.0,0,27,0,6.75,9,2,0,0,0,0
86,2020,22,9,6,1,1,0,150.0,0,0,0,0,0,0,0,0,0,0,0
190,2020,22,0,0,0,0,0,0,0,0,0,0,0,0,0,0,2,0,0
128,2020,22,0,0,0,0,0,0,0,0,0,0,0,0,0,0,1,0,0
109,2020,22,1,2,1,0,0,50.0,0,0,0,0,0,0,0,0,0,0,0
216,2020,22,1,3,1,0,0,33.33,4.0,0,39,0,9.75,6,1,3,0,0,0
7,2020,22,0,0,0,0,0,0,0,0,0,0,0,0,0,0,1,1,0
90,2020,22,77,37,1,5,7,208.1,0,0,0,0,0,0,0,0,0,0,0
130,2020,22,7,12,1,0,0,58.33,2.0,0,26,0,13.0,2,1,2,0,0,0
217,2020,22,11,8,1,2,0,137.5,0,0,0,0,0,0,0,0,0,0,0
10,2020,22,52,40,1,5,1,130.0,0,0,0,0,0,0,0,0,0,0,0
172,2020,22,0,1,1,0,0,0.0,0,0,0,0,0,0,0,0,0,0,0
214,2020,22,0,0,0,0,0,0,0,0,0,0,0,0,0,0,1,0,0
13,2020,22,0,0,0,0,0,0,3.5,0,24,2,6.26,11,2,1,0,0,0
92,2020,22,11,16,1,0,0,68.75,0,0,0,0,0,0,0,0,0,0,0
14,2020,22,0,0,0,0,0,0,0,0,0,0,0,0,0,0,1,1,0
93,2020,22,6,7,0,1,0,85.71,3.0,0,29,3,9.66,7,2,2,0,0,0
95,2020,22,0,1,1,0,0,0.0,4.0,0,40,1,10.0,8,5,1,0,0,0
112,2020,22,8,7,1,1,0,114.28,1.0,0,28,0,28.0,1,1,4,0,0,0
173,2020,22,97,55,1,7,6,176.36,0,0,0,0,0,0,0,0,0,0,0
96,2020,22,6,6,1,0,0,100.0,0,0,0,0,0,0,0,0,0,0,0
113,2020,22,0,0,0,0,0,0,0,0,0,0,0,0,0,0,1,0,0
131,2020,22,0,3,1,0,0,0.0,4.0,0,33,2,8.25,9,1,1,0,0,0
115,2020,22,12,6,1,1,1,200.0,1.0,0,15,1,15.0,2,0,2,0,0,0
19,2020,22,0,0,0,0,0,0,0,0,0,0,0,0,0,0,1,0,0
175,2020,22,0,0,0,0,0,0,0,0,0,0,0,0,0,0,0,1,0
225,2020,22,0,0,0,0,0,0,0,0,0,0,0,0,0,0,2,0,0
226,2020,22,0,2,1,0,0,0.0,3.0,0,33,0,11.0,7,5,0,0,0,0
21,2020,22,0,0,0,0,0,0.0,4.0,1,12,3,3.0,13,0,0,0,0,0
84,2020,21,0,0,0,0,0,0,4.0,0,28,2,7.0,13,3,1,0,0,0
53,2020,21,17,9,1,1,1,188.88,4.0,0,31,1,7.75,9,3,1,0,0,0
164,2020,21,0,0,0,0,0,0,0,0,0,0,0,0,0,0,2,0,0
85,2020,21,30,27,1,3,0,111.11,0,0,0,0,0,0,0,0,0,0,0
55,2020,21,12,11,1,1,0,109.09,0,0,0,0,0,0,0,0,0,0,0
56,2020,21,9,10,1,1,0,90.0,0,0,0,0,0,0,0,0,0,0,0
192,2020,21,7,12,0,1,0,58.33,0,0,0,0,0,0,0,0,0,0,0
177,2020,21,0,0,0,0,0,0,0,0,0,0,0,0,0,0,1,0,0
134,2020,21,11,12,1,1,0,91.66,0,0,0,0,0,0,0,0,0,0,0
213,2020,21,0,0,0,0,0,0,0,0,0,0,0,0,0,0,1,0,0
91,2020,21,17,10,1,3,0,170.0,0,0,0,0,0,0,0,0,0,0,0
61,2020,21,7,10,1,1,0,70.0,0,0,0,0,0,0,0,0,0,0,0
178,2020,21,0,0,0,0,0,0,0,0,0,0,0,0,0,0,1,0,0
64,2020,21,17,9,0,1,1,188.88,4.0,0,25,0,6.25,11,3,0,0,0,0
136,2020,21,0,0,0,0,0,0,4.0,0,25,2,6.25,5,0,1,0,0,0
67,2020,21,11,12,1,1,0,91.66,0,0,0,0,0,0,0,0,0,0,0
137,2020,21,0,0,0,0,0,0,0,0,0,0,0,0,0,0,1,1,0
70,2020,21,0,0,0,0,0,0,0,0,0,0,0,0,0,0,1,0,0
227,2020,21,0,0,0,0,0,0,0,0,0,0,0,0,0,0,1,0,0
100,2020,21,0,0,0,0,0,0,0,0,0,0,0,0,0,0,4,1,0
72,2020,21,1,1,1,0,0,100.0,4.0,0,28,1,7.0,7,3,0,0,0,0
203,2020,21,0,0,0,0,0,0,4.0,0,37,3,9.25,8,3,1,0,0,0
102,2020,21,17,11,1,1,1,154.54,4.0,0,26,2,6.5,9,3,0,0,0,0
77,2020,21,0,2,1,0,0,0.0,3.0,0,21,1,7.0,6,3,0,0,0,0
140,2020,21,50,40,1,6,1,125.0,0,0,0,0,0,0,0,0,0,0,0
79,2020,21,81,51,1,8,3,158.82,0,0,0,0,0,0,0,0,0,0,0
81,2020,21,0,1,1,0,0,0.0,3.0,0,32,1,10.66,3,4,1,0,0,0
82,2020,21,2,4,1,0,0,50.0,2.0,0,18,1,9.0,5,2,1,0,0,0
105,2020,21,21,8,0,3,1,262.5,0,0,0,0,0,0,0,0,0,0,0
106,2020,21,0,0,0,0,0,0,4.0,0,47,0,11.75,4,5,2,0,0,0
1,2020,20,0,0,0,0,0,0,2.0,0,24,1,12.0,3,3,1,0,0,0
145,2020,20,30,19,0,2,1,157.89,0,0,0,0,0,0,0,0,0,0,0
54,2020,20,0,0,0,0,0,0,0,0,0,0,0,0,0,0,1,0,0
2,2020,20,0,1,1,0,0,0.0,0,0,0,0,0,0,0,0,0,0,0
25,2020,20,0,0,0,0,0,0,0,0,0,0,0,0,0,0,3,0,0
6,2020,20,79,47,0,11,2,168.08,0,0,0,0,0,0,0,0,0,0,0
220,2020,20,11,13,1,1,0,84.61,0,0,0,0,0,0,0,0,0,0,0
122,2020,20,0,0,0,0,0,0,4.0,0,20,4,5.0,14,3,0,0,0,0
129,2020,20,0,0,0,0,0,0,0,0,0,0,0,0,0,0,1,0,0
8,2020,20,12,17,1,0,1,70.58,2.0,0,22,0,11.0,2,0,2,0,0,0
58,2020,20,6,7,1,1,0,85.71,0,0,0,0,0,0,0,0,0,0,0
221,2020,20,0,2,1,0,0,0.0,0,0,0,0,0,0,0,0,0,0,0
11,2020,20,0,0,0,0,0,0,3.0,0,24,1,8.0,6,0,2,0,0,0
161,2020,20,0,0,0,0,0,0,0,0,0,0,0,0,0,0,2,0,0
12,2020,20,35,23,1,2,3,152.17,0,0,0,0,0,0,0,0,0,0,0
228,2020,20,0,0,0,0,0,0,0,0,0,0,0,0,0,0,1,0,0
65,2020,20,5,6,1,1,0,83.33,2.0,0,13,0,6.5,4,0,1,0,0,0
71,2020,20,0,0,0,0,0,0.0,4.0,0,36,1,9.0,8,3,1,0,0,0
196,2020,20,0,0,0,0,0,0,0,0,0,0,0,0,0,0,2,0,0
17,2020,20,23,15,1,3,1,153.33,0,0,0,0,0,0,0,0,0,0,0
73,2020,20,0,0,0,0,0,0,0,0,0,0,0,0,0,0,1,0,0
74,2020,20,24,11,1,3,1,218.18,4.0,0,34,1,8.5,11,3,2,0,0,0
78,2020,20,70,44,1,4,5,159.09,0,0,0,0,0,0,0,0,0,0,0
229,2020,20,15,16,1,1,0,93.75,3.0,0,33,0,11.0,5,4,1,0,0,0
162,2020,20,2,5,1,0,0,40.0,3.0,0,42,0,14.0,5,5,2,0,0,0
80,2020,20,0,3,1,0,0,0.0,0,0,0,0,0,0,0,0,0,0,0
230,2020,20,0,0,0,0,0,0,0,0,0,0,0,0,0,0,1,0,0
125,2020,20,0,0,0,0,0,0,4.0,0,26,2,6.5,12,3,1,0,0,0
22,2020,20,0,0,0,0,0,0,3.1,0,19,2,6.0,9,2,0,0,0,0
83,2020,20,1,2,1,0,0,50.0,4.0,0,28,2,7.0,11,3,1,0,0,0
231,2020,20,0,0,0,0,0,0,0,0,0,0,0,0,0,0,0,1,0
23,2020,19,11,13,1,1,0,84.61,0,0,0,0,0,0,0,0,0,0,0
163,2020,19,11,13,1,1,0,84.61,2.0,0,21,1,10.5,2,1,1,0,0,0
144,2020,19,0,0,0,0,0,0,0,0,0,0,0,0,0,0,1,0,0
120,2020,19,11,7,0,0,1,157.14,0,0,0,0,0,0,0,0,0,0,0
232,2020,19,0,0,0,0,0,0,0,0,0,0,0,0,0,0,1,0,0
25,2020,19,9,6,1,2,0,150.0,0,0,0,0,0,0,0,0,1,0,0
165,2020,19,13,14,1,1,0,92.85,0,0,0,0,0,0,0,0,0,0,0
26,2020,19,0,0,0,0,0,0,0,0,0,0,0,0,0,0,1,0,0
24,2020,19,0,0,0,0,0,0,0,0,0,0,0,0,0,0,2,0,0
27,2020,19,0,0,0,0,0,0,4.0,0,22,2,5.5,13,3,0,0,0,0
29,2020,19,53,26,0,6,2,203.84,0,0,0,0,0,0,0,0,0,0,0
30,2020,19,11,12,1,0,1,91.66,0,0,0,0,0,0,0,0,0,0,0
200,2020,19,0,0,0,0,0,0,0,0,0,0,0,0,0,0,1,0,0
32,2020,19,17,11,1,3,0,154.54,4.0,0,20,0,5.0,9,1,0,0,0,0
31,2020,19,0,0,0,0,0,0,4.0,0,18,2,4.5,10,1,0,0,0,0
121,2020,19,0,0,0,0,0,0,4.0,0,43,0,10.75,5,4,1,0,0,0
37,2020,19,0,0,0,0,0,0,4.0,0,24,4,6.0,9,2,0,0,0,0
40,2020,19,1,3,1,0,0,33.33,4.0,0,40,1,10.0,5,4,1,0,0,0
41,2020,19,0,0,0,0,0,0,4.0,0,26,1,6.5,9,1,1,0,0,0
42,2020,19,42,23,1,5,2,182.6,0,0,0,0,0,0,0,0,0,0,0
43,2020,19,4,6,1,0,0,66.66,0,0,0,0,0,0,0,0,0,0,0
223,2020,19,0,0,0,0,0,0,0,0,0,0,0,0,0,0,1,0,0
44,2020,19,5,4,1,1,0,125.0,4.0,0,34,2,8.5,11,4,1,0,0,0
45,2020,19,0,0,0,0,0,0,0,0,0,0,0,0,0,0,1,0,0
46,2020,19,43,39,1,2,1,110.25,0,0,0,0,0,0,0,0,0,0,0
48,2020,19,0,0,0,0,0,0.0,3.0,0,29,0,9.66,4,3,1,0,0,0
116,2020,19,12,12,0,1,0,100.0,3.0,0,48,0,16.0,4,5,3,0,0,0
49,2020,19,32,28,1,3,0,114.28,0,0,0,0,0,0,0,0,0,0,0
158,2020,19,0,0,0,0,0,0,0,0,0,0,0,0,0,0,1,0,0
50,2020,19,37,25,1,3,2,148.0,0,0,0,0,0,0,0,0,0,0,0
84,2020,18,0,0,0,0,0,0,4.0,0,39,2,9.75,8,5,1,0,0,0
132,2020,18,0,0,0,0,0,0,0,0,0,0,0,0,0,0,1,0,0
233,2020,18,0,0,0,0,0,0,4.0,0,41,0,10.25,6,5,1,0,0,0
86,2020,18,26,19,1,3,0,136.84,0,0,0,0,0,0,0,0,0,0,0
133,2020,18,0,0,0,0,0,0,0,0,0,0,0,0,0,0,1,0,0
90,2020,18,33,17,1,1,3,194.11,0,0,0,0,0,0,0,0,0,0,0
130,2020,18,11,7,0,1,0,157.14,0,0,0,0,0,0,0,0,0,0,0
91,2020,18,87,53,0,11,1,164.15,0,0,0,0,0,0,0,0,0,0,0
92,2020,18,63,52,1,7,1,121.15,0,0,0,0,0,0,0,0,0,0,0
93,2020,18,0,0,0,0,0,0,4.0,0,33,0,8.25,10,4,1,0,0,0
234,2020,18,14,9,0,2,0,155.55,0,0,0,0,0,0,0,0,0,0,0
95,2020,18,0,0,0,0,0,0,3.4,0,35,0,9.54,7,2,1,0,0,0
193,2020,18,0,0,0,0,0,0,2.0,0,22,1,11.0,2,0,2,0,0,0
96,2020,18,27,16,1,0,2,168.75,0,0,0,0,0,0,0,0,0,0,0
137,2020,18,0,0,0,0,0,0,0,0,0,0,0,0,0,0,1,0,0
100,2020,18,0,0,0,0,0,0,0,0,0,0,0,0,0,0,1,0,0
203,2020,18,0,0,0,0,0,0,4.0,0,38,0,9.5,7,3,1,0,0,0
101,2020,18,0,0,0,0,0,0,3.0,0,42,0,14.0,2,8,0,0,0,0
102,2020,18,0,0,0,0,0,0,3.0,0,31,0,10.33,3,3,1,0,0,0
140,2020,18,83,53,0,11,3,156.6,0,0,0,0,0,0,0,0,0,0,0
226,2020,18,0,0,0,0,0,0,3.0,0,30,0,10.0,5,3,1,0,0,0
105,2020,18,0,0,0,0,0,0,4.0,0,30,1,7.5,7,1,1,0,0,0
106,2020,18,0,0,0,0,0,0,3.0,0,17,0,5.66,9,2,0,0,0,0
1,2020,17,25,13,0,0,3,192.3,3.0,0,20,0,6.66,6,1,0,0,0,0
145,2020,17,28,19,1,2,2,147.36,0,0,0,0,0,0,0,0,0,0,0
107,2020,17,0,0,0,0,0,0,0,0,0,0,0,0,0,0,1,0,0
108,2020,17,3,5,1,0,0,60.0,2.0,0,24,0,12.0,0,0,2,0,0,0
2,2020,17,31,23,1,1,2,134.78,0,0,0,0,0,0,0,0,0,0,0
3,2020,17,0,1,0,0,0,0.0,4.0,0,41,2,10.25,9,2,4,0,0,0
25,2020,17,0,0,0,0,0,0,0,0,0,0,0,0,0,0,1,0,0
6,2020,17,27,18,1,6,0,150.0,0,0,0,0,0,0,0,0,0,0,0
235,2020,17,0,0,0,0,0,0,4.0,0,64,2,16.0,6,9,3,0,0,0
109,2020,17,30,19,1,4,1,157.89,0,0,0,0,0,0,0,0,0,0,0
122,2020,17,0,0,0,0,0,0,4.0,0,41,2,10.25,8,4,2,0,0,0
236,2020,17,0,0,0,0,0,0,0,0,0,0,0,0,0,0,1,0,0
8,2020,17,20,4,0,2,2,500.0,4.0,0,35,1,8.75,9,1,2,0,0,0
214,2020,17,0,0,0,0,0,0,0,0,0,0,0,0,0,0,1,0,0
10,2020,17,60,44,1,5,2,136.36,0,0,0,0,0,0,0,0,0,0,0
172,2020,17,8,7,1,0,0,114.28,0,0,0,0,0,0,0,0,0,0,0
11,2020,17,0,0,0,0,0,0,1.0,0,16,0,16.0,1,0,2,1,0,0
161,2020,17,0,0,0,0,0,0,0,0,0,0,0,0,0,0,1,0,0
12,2020,17,6,5,1,0,1,120.0,0,0,0,0,0,0,0,0,0,0,0
13,2020,17,0,0,0,0,0,0,4.0,0,29,0,7.25,11,2,2,0,0,0
112,2020,17,20,9,1,1,2,222.22,2.0,0,27,0,13.5,1,1,2,0,0,0
173,2020,17,25,15,1,2,2,166.66,0,0,0,0,0,0,0,0,0,0,0
113,2020,17,0,0,0,0,0,0,0,0,0,0,0,0,0,0,1,0,0
115,2020,17,10,13,1,0,0,76.92,0,0,0,0,0,0,0,0,0,0,0
196,2020,17,0,0,0,0,0,0,0,0,0,0,0,0,0,0,1,0,0
17,2020,17,67,39,1,4,4,171.79,0,0,0,0,0,0,0,0,0,0,0
176,2020,17,0,0,0,0,0,0,0,0,0,0,0,0,0,0,1,0,0
230,2020,17,0,0,0,0,0,0,0,0,0,0,0,0,0,0,1,0,0
125,2020,17,0,0,0,0,0,0,4.0,0,28,2,7.0,11,3,1,0,0,0
21,2020,17,3,7,0,0,0,42.85,4.0,0,22,1,5.5,11,1,1,0,0,0
22,2020,17,0,0,0,0,0,0,4.0,0,29,2,7.25,8,3,0,0,0,0
23,2020,16,88,38,0,7,6,231.57,0,0,0,0,0,0,0,0,0,0,0
120,2020,16,7,5,0,0,1,140.0,0,0,0,0,0,0,0,0,0,0,0
53,2020,16,3,5,1,0,0,60.0,2.0,0,26,0,13.0,1,0,3,0,0,0
24,2020,16,0,0,0,0,0,0,0,0,0,0,0,0,0,0,1,0,0
121,2020,16,0,0,0,0,0,0,4.0,0,34,2,8.5,7,2,1,0,0,0
27,2020,16,0,0,0,0,0,0,4.0,0,33,3,8.25,11,2,2,0,0,0
29,2020,16,1,3,1,0,0,33.33,4.0,0,46,1,11.5,6,4,3,0,0,0
200,2020,16,0,0,0,0,0,0,0,0,0,0,0,0,0,0,1,0,0
56,2020,16,58,35,1,4,4,165.71,0,0,0,0,0,0,0,0,0,0,0
55,2020,16,6,8,1,0,0,75.0,0,0,0,0,0,0,0,0,0,0,0
177,2020,16,0,0,0,0,0,0,0,0,0,0,0,0,0,0,1,0,0
37,2020,16,0,0,0,0,0,0,4.0,0,51,1,12.75,8,3,5,0,0,0
61,2020,16,44,18,1,1,5,244.44,0,0,0,0,0,0,0,0,0,0,0
62,2020,16,0,0,0,0,0,0,0,0,0,0,0,0,0,0,1,0,0
237,2020,16,0,0,0,0,0,0,0,0,0,0,0,0,0,0,0,1,0
42,2020,16,66,41,1,4,4,160.97,0,0,0,0,0,0,0,0,0,0,0
178,2020,16,0,0,0,0,0,0,0,0,0,0,0,0,0,0,1,0,0
41,2020,16,0,0,0,0,0,0,2.0,0,26,0,13.0,1,1,2,0,0,0
238,2020,16,0,0,0,0,0,0,0,0,0,0,0,0,0,0,1,0,0
239,2020,16,0,0,0,0,0,0,2.0,0,14,1,7.0,5,0,1,0,0,0
64,2020,16,5,4,1,1,0,125.0,4.0,0,49,0,12.25,2,5,2,0,0,0
223,2020,16,0,0,0,0,0,0,0,0,0,0,0,0,0,0,1,0,0
67,2020,16,28,22,1,2,1,127.27,0,0,0,0,0,0,0,0,0,0,0
154,2020,16,0,0,0,0,0,0,0,0,0,0,0,0,0,0,1,0,0
72,2020,16,0,0,0,0,0,0,4.0,0,49,1,12.25,6,5,3,0,0,0
77,2020,16,3,3,0,0,0,100.0,3.0,0,35,1,11.66,1,0,3,0,0,0
49,2020,16,26,16,1,2,2,162.5,0,0,0,0,0,0,0,0,0,0,0
79,2020,16,36,16,1,3,3,225.0,0,0,0,0,0,0,0,0,0,0,0
81,2020,16,1,3,0,0,0,33.33,3.0,0,40,0,13.33,2,6,1,0,0,0
50,2020,16,38,17,1,5,1,223.52,0,0,0,0,0,0,0,0,0,0,0
82,2020,16,13,8,1,1,1,162.5,4.0,0,29,2,7.25,11,2,2,0,0,0
204,2020,16,0,0,0,0,0,0,0,0,0,0,0,0,0,0,1,0,0
52,2020,15,17,22,1,1,0,77.27,0,0,0,0,0,0,0,0,0,0,0
240,2020,15,0,0,0,0,0,0,3.0,0,27,0,9.0,3,2,1,0,0,0
144,2020,15,0,0,0,0,0,0,0,0,0,0,0,0,0,0,2,0,0
165,2020,15,8,7,1,2,0,114.28,0,0,0,0,0,0,0,0,0,0,0
25,2020,15,12,10,0,1,0,120.0,0,0,0,0,0,0,0,0,0,0,0
30,2020,15,0,0,0,0,0,0,1.0,0,4,0,4.0,2,0,0,0,0,0
32,2020,15,0,0,0,0,0,0,4.0,0,20,0,5.0,8,1,0,0,0,0
57,2020,15,16,18,1,1,0,88.88,1.0,0,13,0,13.0,3,1,1,0,0,0
220,2020,15,47,39,1,1,3,120.51,0,0,0,0,0,0,0,0,0,0,0
205,2020,15,0,0,0,0,0,0,3.0,0,31,0,10.33,3,2,1,0,0,0
58,2020,15,5,5,1,1,0,100.0,0,0,0,0,0,0,0,0,0,0,0
206,2020,15,0,0,0,0,0,0,0,0,0,0,0,0,0,0,1,0,0
40,2020,15,0,0,0,0,0,0,4.0,0,41,2,10.25,8,4,2,0,0,0
65,2020,15,24,12,0,0,3,200.0,4.0,0,28,0,7.0,7,1,1,0,0,0
43,2020,15,63,45,1,6,1,140.0,0,0,0,0,0,0,0,0,0,0,0
46,2020,15,72,53,0,7,2,135.84,0,0,0,0,0,0,0,0,0,0,0
74,2020,15,16,10,0,1,1,160.0,4.0,0,18,1,4.5,15,3,0,0,0,0
48,2020,15,0,0,0,0,0,0,4.0,0,24,3,6.0,10,0,2,1,0,0
116,2020,15,0,0,0,0,0,0,4.0,1,37,1,9.25,10,2,3,0,0,0
78,2020,15,22,12,1,3,1,183.33,0,0,0,0,0,0,0,0,0,0,0
229,2020,15,0,0,0,0,0,0,3.1,0,40,0,12.63,3,7,0,0,0,0
117,2020,15,0,0,0,0,0,0,0,0,0,0,0,0,0,0,1,0,0
80,2020,15,4,3,1,1,0,133.33,0,0,0,0,0,0,0,0,0,0,0
83,2020,15,0,0,0,0,0,0,4.0,0,27,1,6.75,5,2,0,0,0,0
84,2020,14,0,0,0,0,0,0,4.0,0,32,1,8.0,9,3,0,0,0,0
132,2020,14,0,0,0,0,0,0,0,0,0,0,0,0,0,0,1,0,0
108,2020,14,9,13,1,1,0,69.23,0,0,0,0,0,0,0,0,0,0,0
164,2020,14,0,0,0,0,0,0,0,0,0,0,0,0,0,0,1,0,0
168,2020,14,0,0,0,0,0,0,3.5,0,34,0,8.86,9,3,1,0,0,0
85,2020,14,8,9,1,1,0,88.88,0,0,0,0,0,0,0,0,0,0,0
241,2020,14,0,0,0,0,0,0,3.1,0,20,1,6.31,9,3,0,0,0,0
133,2020,14,0,0,0,0,0,0,0,0,0,0,0,0,0,0,0,1,0
192,2020,14,3,10,1,0,0,30.0,0,0,0,0,0,0,0,0,0,0,0
109,2020,14,29,21,1,5,0,138.09,0,0,0,0,0,0,0,0,0,0,0
134,2020,14,47,36,0,4,1,130.55,0,0,0,0,0,0,0,0,0,0,0
7,2020,14,0,0,0,0,0,0,0,0,0,0,0,0,0,0,0,1,0
91,2020,14,22,19,1,4,0,115.78,0,0,0,0,0,0,0,0,0,0,0
10,2020,14,28,29,1,3,0,96.55,0,0,0,0,0,0,0,0,0,0,0
172,2020,14,51,26,0,6,1,196.15,0,0,0,0,0,0,0,0,0,0,0
214,2020,14,0,0,0,0,0,0,0,0,0,0,0,0,0,0,0,1,0
153,2020,14,0,0,0,0,0,0,0,0,0,0,0,0,0,0,1,0,0
13,2020,14,0,0,0,0,0,0,4.0,0,43,2,10.75,9,5,2,0,0,0
14,2020,14,0,0,0,0,0,0,0,0,0,0,0,0,0,0,1,0,0
112,2020,14,8,6,0,0,0,133.33,4.0,0,41,1,10.25,7,2,2,0,0,0
193,2020,14,0,0,0,0,0,0,3.0,0,20,1,6.66,7,3,0,0,0,0
173,2020,14,0,3,1,0,0,0.0,0,0,0,0,0,0,0,0,0,0,0
115,2020,14,31,24,1,4,1,129.16,1.0,0,4,0,4.0,2,0,0,0,0,0
100,2020,14,0,0,0,0,0,0,0,0,0,0,0,0,0,0,1,1,0
203,2020,14,0,0,0,0,0,0,4.0,0,28,0,7.0,6,2,0,0,0,0
102,2020,14,15,5,0,0,2,300.0,3.0,0,37,0,12.33,5,5,1,0,0,0
140,2020,14,1,6,1,0,0,16.66,0,0,0,0,0,0,0,0,0,0,0
21,2020,14,0,0,0,0,0,0,4.0,0,12,0,3.0,16,1,0,0,0,0
105,2020,14,50,35,1,5,2,142.85,2.0,0,16,0,8.0,5,1,1,0,0,0
106,2020,14,0,0,0,0,0,0,4.0,0,31,2,7.75,11,5,0,0,0,0
1,2020,13,47,20,0,3,4,235.0,0,0,0,0,0,0,0,0,0,0,0
242,2020,13,0,0,0,0,0,0,0,0,0,0,0,0,0,0,1,0,0
145,2020,13,30,11,0,3,2,272.72,0,0,0,0,0,0,0,0,0,0,0
146,2020,13,0,0,0,0,0,0,0,0,0,0,0,0,0,0,1,0,0
2,2020,13,28,32,1,1,1,87.5,0,0,0,0,0,0,0,0,0,0,0
25,2020,13,0,0,0,0,0,0,0,0,0,0,0,0,0,0,1,0,0
86,2020,13,25,18,1,3,0,138.88,0,0,0,0,0,0,0,0,0,0,0
6,2020,13,10,7,1,2,0,142.85,0,0,0,0,0,0,0,0,0,0,0
122,2020,13,0,0,0,0,0,0,4.0,0,18,2,4.5,13,2,0,0,0,0
8,2020,13,0,0,0,0,0,0,4.0,0,27,1,6.75,9,1,1,0,0,0
90,2020,13,44,27,1,3,2,162.96,0,0,0,0,0,0,0,0,0,0,0
130,2020,13,11,18,1,0,0,61.11,0,0,0,0,0,0,0,0,0,0,0
243,2020,13,22,13,0,2,1,169.23,4.0,0,45,1,11.25,6,2,4,0,0,0
11,2020,13,0,0,0,0,0,0,4.0,0,26,2,6.5,9,0,1,0,0,0
12,2020,13,70,45,1,8,3,155.55,0,0,0,0,0,0,0,0,0,0,0
244,2020,13,0,0,0,0,0,0,0,0,0,0,0,0,0,0,1,0,0
92,2020,13,17,19,1,1,0,89.47,0,0,0,0,0,0,0,0,0,0,0
93,2020,13,1,5,1,0,0,20.0,4.0,0,37,0,9.25,8,1,3,0,0,0
234,2020,13,7,8,1,1,0,87.5,0,0,0,0,0,0,0,0,0,0,0
95,2020,13,2,2,0,0,0,100.0,4.0,0,36,1,9.0,9,6,0,0,1,0
147,2020,13,0,0,0,0,0,0,0,0,0,0,0,0,0,0,2,0,0
17,2020,13,0,5,1,0,0,0.0,0,0,0,0,0,0,0,0,0,0,0
103,2020,13,7,7,1,0,0,100.0,4.0,0,52,0,13.0,4,5,3,0,0,0
226,2020,13,0,0,0,0,0,0,4.0,1,20,1,5.0,14,3,0,0,0,0
245,2020,13,0,3,1,0,0,0.0,0,0,0,0,0,0,0,0,0,0,0
125,2020,13,0,0,0,0,0,0,4.0,0,42,1,10.5,5,5,1,0,0,0
22,2020,13,0,0,0,0,0,0,4.0,0,28,2,7.0,7,2,0,0,0,0
52,2020,12,2,7,1,0,0,28.57,0,0,0,0,0,0,0,0,0,0,0
53,2020,12,15,14,1,2,1,107.14,4.0,0,40,1,10.0,9,1,4,0,0,0
54,2020,12,0,0,0,0,0,0,0,0,0,0,0,0,0,0,1,0,0
160,2020,12,0,0,0,0,0,0,0,0,0,0,0,0,0,0,1,0,0
55,2020,12,1,3,1,0,0,33.33,0,0,0,0,0,0,0,0,0,0,0
56,2020,12,22,17,1,2,1,129.41,0,0,0,0,0,0,0,0,0,0,0
57,2020,12,1,6,1,0,0,16.66,1.0,0,14,0,14.0,0,0,1,0,0,0
205,2020,12,9,13,1,0,0,69.23,2.0,0,14,1,7.0,6,1,1,0,0,0
246,2020,12,0,0,0,0,0,0,0,0,0,0,0,0,0,0,1,0,0
58,2020,12,3,7,1,0,0,42.85,0,0,0,0,0,0,0,0,0,0,0
61,2020,12,34,23,0,1,2,147.82,0,0,0,0,0,0,0,0,0,0,0
62,2020,12,0,0,0,0,0,0,0,0,0,0,0,0,0,0,1,0,0
178,2020,12,0,0,0,0,0,0,0,0,0,0,0,0,0,0,1,0,0
238,2020,12,0,0,0,0,0,0,0,0,0,0,0,0,0,0,1,0,0
64,2020,12,12,10,1,1,0,120.0,3.0,0,13,1,4.33,12,0,1,0,0,0
65,2020,12,14,10,1,0,1,140.0,1.0,0,6,1,6.0,3,1,0,0,0,0
186,2020,12,0,0,0,0,0,0,3.0,0,20,1,6.66,8,1,1,0,0,0
67,2020,12,47,34,1,5,1,138.23,0,0,0,0,0,0,0,0,0,0,0
70,2020,12,0,0,0,0,0,0,0,0,0,0,0,0,0,0,2,0,0
72,2020,12,0,0,0,0,0,0,4.0,0,25,2,6.25,7,0,1,0,0,0
73,2020,12,0,0,0,0,0,0,0,0,0,0,0,0,0,0,1,0,0
74,2020,12,6,4,1,0,1,150.0,4.0,0,18,2,4.5,14,1,1,0,0,0
76,2020,12,0,0,0,0,0,0,0,0,0,0,0,0,0,0,2,0,0
77,2020,12,8,5,0,1,0,160.0,2.0,0,13,2,6.5,6,0,1,0,0,0
78,2020,12,21,16,1,1,2,131.25,0,0,0,0,0,0,0,0,0,0,0
229,2020,12,54,36,0,2,3,150.0,4.0,0,37,1,9.25,7,2,1,0,0,0
162,2020,12,7,5,0,0,1,140.0,4.0,0,39,1,9.75,9,3,2,0,0,0
80,2020,12,8,9,1,1,0,88.88,0,0,0,0,0,0,0,0,0,0,0
81,2020,12,0,0,0,0,0,0,4.0,0,20,2,5.0,13,2,0,0,0,0
247,2020,12,0,0,0,0,0,0,0,0,0,0,0,0,0,0,1,0,0
82,2020,12,24,14,1,0,3,171.42,0,0,0,0,0,0,0,0,0,0,0
141,2020,12,0,0,0,0,0,0,0,0,0,0,0,0,0,0,1,0,0
83,2020,12,5,7,1,0,0,71.42,4.0,0,43,0,10.75,7,4,2,0,0,0
23,2020,11,17,21,1,2,0,80.95,0,0,0,0,0,0,0,0,0,0,0
120,2020,11,21,12,1,0,2,175.0,0,0,0,0,0,0,0,0,0,0,0
107,2020,11,0,0,0,0,0,0,0,0,0,0,0,0,0,0,1,0,0
108,2020,11,41,26,1,5,0,157.69,0,0,0,0,0,0,0,0,0,0,0
168,2020,11,0,0,0,0,0,0,4.0,0,43,1,10.75,9,2,3,0,0,0
24,2020,11,0,0,0,0,0,0,0,0,0,0,0,0,0,0,1,0,0
241,2020,11,0,0,0,0,0,0,4.0,0,25,2,6.25,13,4,0,0,0,0
27,2020,11,3,2,0,0,0,150.0,4.0,0,40,0,10.0,6,4,2,0,0,0
31,2020,11,5,6,1,0,0,83.33,2.0,0,14,0,7.0,2,1,0,0,0,0
29,2020,11,11,9,1,1,0,122.22,3.0,0,22,0,7.33,4,2,0,0,0,0
109,2020,11,3,5,1,0,0,60.0,0,0,0,0,0,0,0,0,0,0,0
37,2020,11,15,7,0,1,1,214.28,4.0,0,21,2,5.25,11,1,0,0,0,0
7,2020,11,0,0,0,0,0,0,0,0,0,0,0,0,0,0,1,0,0
10,2020,11,45,33,1,3,2,136.36,0,0,0,0,0,0,0,0,0,0,0
214,2020,11,0,0,0,0,0,0,0,0,0,0,0,0,0,0,2,0,0
153,2020,11,0,0,0,0,0,0,0,0,0,0,0,0,0,0,1,0,0
42,2020,11,2,5,1,0,0,40.0,0,0,0,0,0,0,0,0,0,0,0
13,2020,11,0,0,0,0,0,0,4.0,0,25,1,6.25,8,2,0,0,0,0
239,2020,11,0,0,0,0,0,0,4.0,0,35,2,8.75,6,3,1,0,0,0
112,2020,11,12,7,0,1,1,171.42,0,0,0,0,0,0,0,0,0,0,0
173,2020,11,53,48,1,2,1,110.41,0,0,0,0,0,0,0,0,0,0,0
154,2020,11,0,0,0,0,0,0,0,0,0,0,0,0,0,0,1,0,0
21,2020,11,0,0,0,0,0,0,4.0,0,14,3,3.5,13,1,0,0,0,0
115,2020,11,1,1,0,0,0,100.0,4.0,0,34,0,8.5,4,0,2,0,0,0
179,2020,11,0,0,0,0,0,0,0,0,0,0,0,0,0,0,1,0,0
248,2020,11,0,0,0,0,0,0,3.0,0,26,0,8.66,4,0,1,0,0,0
49,2020,11,34,31,1,4,0,109.67,0,0,0,0,0,0,0,0,0,0,0
50,2020,11,28,27,1,1,2,103.7,0,0,0,0,0,0,0,0,0,0,0
204,2020,11,0,0,0,0,0,0,0,0,0,0,0,0,0,0,1,0,0
1,2020,10,60,24,0,3,5,250.0,1.0,0,13,0,13.0,0,2,0,0,0,0
240,2020,10,0,0,0,0,0,0,4.0,0,53,1,13.25,3,1,5,0,0,0
144,2020,10,0,0,0,0,0,0,0,0,0,0,0,0,0,0,1,0,0
145,2020,10,15,13,1,0,1,115.38,0,0,0,0,0,0,0,0,0,0,0
2,2020,10,99,58,1,2,9,170.68,0,0,0,0,0,0,0,0,0,0,0
165,2020,10,52,35,1,7,1,148.57,0,0,0,0,0,0,0,0,0,0,0
25,2020,10,55,24,0,4,4,229.16,0,0,0,0,0,0,0,0,1,0,0
30,2020,10,27,10,0,1,3,270.0,0,0,0,0,0,0,0,0,0,0,0
6,2020,10,0,2,1,0,0,0.0,0,0,0,0,0,0,0,0,0,0,0
32,2020,10,0,0,0,0,0,0,4.0,0,12,1,3.0,13,0,0,0,0,0
122,2020,10,0,0,0,0,0,0,4.0,0,42,0,10.5,10,4,3,0,0,0
8,2020,10,0,0,0,0,0,0.0,3.0,0,23,0,7.66,6,3,0,0,0,0
249,2020,10,0,0,0,0,0,0,0,0,0,0,0,0,0,0,0,3,0
11,2020,10,0,0,0,0,0,0,4.0,0,31,1,7.75,7,4,0,0,0,0
40,2020,10,0,0,0,0,0,0,4.0,0,45,2,11.25,7,3,3,0,0,0
161,2020,10,0,0,0,0,0,0,0,0,0,0,0,0,0,0,2,0,0
12,2020,10,8,8,1,0,1,100.0,0,0,0,0,0,0,0,0,0,0,0
43,2020,10,54,40,1,5,2,135.0,0,0,0,0,0,0,0,0,0,0,0
196,2020,10,0,0,0,0,0,0,0,0,0,0,0,0,0,0,1,0,0
17,2020,10,14,15,1,1,0,93.33,0,0,0,0,0,0,0,0,0,0,0
46,2020,10,3,11,1,0,0,27.27,0,0,0,0,0,0,0,0,0,0,0
48,2020,10,0,0,0,0,0,0,4.0,0,48,1,12.0,2,1,4,0,0,0
116,2020,10,0,0,0,0,0,0,4.0,0,43,0,10.75,8,1,4,0,0,0
125,2020,10,0,0,0,0,0,0,4.0,0,34,2,8.5,8,2,2,0,0,0
22,2020,10,0,0,0,0,0,0,4.0,0,51,0,12.75,9,2,5,0,0,0
52,2020,9,9,4,1,2,0,225.0,0,0,0,0,0,0,0,0,0,0,0
86,2020,9,106,50,1,10,7,212.0,0,0,0,0,0,0,0,0,0,0,0
34,2020,9,0,0,0,0,0,0,0,0,0,0,0,0,0,0,1,0,0
57,2020,9,0,2,1,0,0,0.0,0,0,0,0,0,0,0,0,0,0,0
128,2020,9,0,0,0,0,0,0,0,0,0,0,0,0,0,0,1,0,0
205,2020,9,0,0,0,0,0,0,3.0,0,30,0,10.0,5,2,1,0,0,0
88,2020,9,0,0,0,0,0,0,0,0,0,0,0,0,0,0,1,0,0
58,2020,9,50,27,1,7,2,185.18,0,0,0,0,0,0,0,0,0,0,0
90,2020,9,25,8,0,1,3,312.5,0,0,0,0,0,0,0,0,0,0,0
130,2020,9,13,9,0,2,0,144.44,3.0,0,29,0,9.66,6,0,3,0,0,0
228,2020,9,0,0,0,0,0,0,0,0,0,0,0,0,0,0,1,0,0
92,2020,9,69,54,1,7,1,127.77,0,0,0,0,0,0,0,0,0,0,0
93,2020,9,0,0,0,0,0,0,4.0,0,34,0,8.5,12,1,3,0,0,0
65,2020,9,53,31,1,0,7,170.96,1.0,0,19,0,19.0,0,1,2,0,0,0
95,2020,9,0,0,0,0,0,0,4.0,0,53,3,13.25,8,4,4,0,0,0
250,2020,9,0,0,0,0,0,0,0,0,0,0,0,0,0,0,1,0,0
191,2020,9,0,0,0,0,0,0,0,0,0,0,0,0,0,0,1,0,0
73,2020,9,0,0,0,0,0,0,0,0,0,0,0,0,0,0,1,0,0
74,2020,9,13,3,0,0,2,433.33,4.0,0,46,0,11.5,9,6,2,0,0,0
103,2020,9,0,0,0,0,0,0,4.0,0,40,1,10.0,5,5,1,0,0,0
104,2020,9,0,0,0,0,0,0,1.3,0,16,1,10.66,2,1,1,0,0,0
78,2020,9,4,7,1,0,0,57.14,0,0,0,0,0,0,0,0,0,0,0
229,2020,9,4,1,0,1,0,400.0,4.0,0,44,1,11.0,4,4,2,0,0,0
162,2020,9,0,0,0,0,0,0,4.0,0,39,1,9.75,7,5,1,0,0,0
226,2020,9,0,0,0,0,0,0,3.0,0,52,1,17.33,8,3,6,0,0,0
80,2020,9,85,42,1,4,7,202.38,0,0,0,0,0,0,0,0,0,0,0
83,2020,9,0,0,0,0,0,0,4.0,0,44,0,11.0,4,2,3,0,0,0
53,2020,8,0,2,1,0,0,0.0,4.0,0,31,0,7.75,5,1,1,0,0,0
168,2020,8,0,0,0,0,0,0,3.0,0,28,1,9.33,10,5,1,0,0,0
241,2020,8,0,0,0,0,0,0,3.0,0,29,0,9.66,7,3,1,0,0,0
55,2020,8,0,3,1,0,0,0.0,0,0,0,0,0,0,0,0,0,0,0
56,2020,8,26,13,1,6,0,200.0,0,0,0,0,0,0,0,0,0,0,0
109,2020,8,51,38,1,3,2,134.21,0,0,0,0,0,0,0,0,0,0,0
60,2020,8,0,0,0,0,0,0,0,0,0,0,0,0,0,0,0,1,0
9,2020,8,30,31,1,1,1,96.77,0,0,0,0,0,0,0,0,0,0,0
10,2020,8,36,30,1,2,1,120.0,0,0,0,0,0,0,0,0,0,0,0
61,2020,8,42,29,0,3,2,144.82,0,0,0,0,0,0,0,0,0,0,0
238,2020,8,0,0,0,0,0,0,0,0,0,0,0,0,0,0,1,0,0
13,2020,8,0,0,0,0,0,0,3.0,0,27,1,9.0,6,3,1,0,0,0
14,2020,8,0,0,0,0,0,0,0,0,0,0,0,0,0,0,1,0,0
64,2020,8,0,0,0,0,0,0,4.0,0,19,1,4.75,11,2,0,0,0,0
186,2020,8,0,0,0,0,0,0,2.0,0,15,0,7.5,3,0,1,0,0,0
67,2020,8,70,62,0,5,2,112.9,0,0,0,0,0,0,0,0,0,0,0
173,2020,8,5,10,1,0,0,50.0,0,0,0,0,0,0,0,0,0,0,0
70,2020,8,0,0,0,0,0,0,0,0,0,0,0,0,0,0,0,1,0
16,2020,8,0,0,0,0,0,0,0,0,0,0,0,0,0,0,1,0,0
115,2020,8,2,3,0,0,0,66.66,1.0,0,11,0,11.0,0,0,1,0,0,0
199,2020,8,0,0,0,0,0,0,0,0,0,0,0,0,0,0,1,0,0
251,2020,8,11,8,0,2,0,137.5,4.0,0,23,0,5.75,5,0,0,0,0,0
72,2020,8,0,0,0,0,0,0,4.0,0,25,1,6.25,9,1,1,0,0,0
77,2020,8,0,0,0,0,0,0,2.0,0,17,0,8.5,2,1,0,0,0,0
81,2020,8,0,0,0,0,0,0,2.0,0,15,0,7.5,6,1,1,0,0,0
82,2020,8,0,0,0,0,0,0,2.0,0,16,1,8.0,4,2,0,0,0,0
21,2020,8,0,0,0,0,0,0,4.0,0,25,1,6.25,8,3,0,0,0,0
23,2020,7,26,22,1,1,0,118.18,0,0,0,0,0,0,0,0,0,0,0
252,2020,7,10,15,1,1,0,66.66,0,0,0,0,0,0,0,0,0,0,0
253,2020,7,0,0,0,0,0,0,0,0,0,0,0,0,0,0,1,0,0
183,2020,7,0,0,0,0,0,0,4.0,0,28,0,7.0,10,4,0,0,0,0
24,2020,7,0,0,0,0,0,0,0,0,0,0,0,0,0,0,2,1,0
27,2020,7,0,0,0,0,0,0,4.0,0,21,2,5.25,12,1,0,0,0,0
31,2020,7,0,0,0,0,0,0,4.0,0,18,1,4.5,10,1,0,0,0,0
29,2020,7,5,3,0,1,0,166.66,0,0,0,0,0,0,0,0,0,0,0
192,2020,7,26,21,1,3,0,123.8,0,0,0,0,0,0,0,0,0,0,0
87,2020,7,5,10,1,0,0,50.0,0,0,0,0,0,0,0,0,0,0,0
37,2020,7,0,0,0,0,0,0,4.0,0,26,3,6.5,11,3,0,0,0,0
134,2020,7,15,12,1,2,0,125.0,0,0,0,0,0,0,0,0,0,0,0
91,2020,7,43,35,1,4,0,122.85,0,0,0,0,0,0,0,0,0,0,0
42,2020,7,64,43,1,9,1,148.83,0,0,0,0,0,0,0,0,0,0,0
254,2020,7,0,0,0,0,0,0,4.0,0,42,0,10.5,7,6,1,0,0,0
239,2020,7,0,0,0,0,0,0,4.0,0,23,0,5.75,6,1,0,0,0,0
223,2020,7,0,0,0,0,0,0,0,0,0,0,0,0,0,0,1,0,0
193,2020,7,0,0,0,0,0,0,4.0,0,33,2,8.25,8,5,0,0,0,0
154,2020,7,0,0,0,0,0,0,0,0,0,0,0,0,0,0,0,1,0
100,2020,7,0,0,0,0,0,0,0,0,0,0,0,0,0,0,1,0,0
179,2020,7,0,0,0,0,0,0,0,0,0,0,0,0,0,0,1,0,0
102,2020,7,1,2,0,0,0,50.0,4.0,0,27,1,6.75,10,2,0,0,0,0
49,2020,7,35,27,1,3,1,129.62,0,0,0,0,0,0,0,0,0,0,0
140,2020,7,14,16,1,1,1,87.5,0,0,0,0,0,0,0,0,0,0,0
50,2020,7,37,25,0,5,0,148.0,0,0,0,0,0,0,0,0,0,0,0
105,2020,7,12,9,1,1,0,133.33,4.0,0,44,0,11.0,4,4,2,0,0,0
106,2020,7,0,0,0,0,0,0,4.0,0,38,0,9.5,4,4,0,0,0,0
143,2020,6,1,2,0,0,0,50.0,4.0,0,57,0,14.25,5,5,4,0,0,0
165,2020,6,20,21,1,3,0,95.23,0,0,0,0,0,0,0,0,0,0,0
25,2020,6,28,18,1,4,1,155.55,0,0,0,0,0,0,0,0,1,0,0
86,2020,6,26,20,1,4,0,130.0,0,0,0,0,0,0,0,0,0,0,0
30,2020,6,12,12,1,0,1,100.0,3.0,0,33,2,11.0,3,2,2,0,0,0
32,2020,6,30,27,1,2,1,111.11,2.0,0,13,0,6.5,2,1,0,0,0,0
206,2020,6,0,0,0,0,0,0,0,0,0,0,0,0,0,0,1,0,0
90,2020,6,17,18,1,1,0,94.44,0,0,0,0,0,0,0,0,0,0,0
130,2020,6,5,6,1,0,0,83.33,2.0,0,10,1,5.0,5,1,0,0,0,0
92,2020,6,132,69,0,14,7,191.3,0,0,0,0,0,0,0,0,0,0,0
93,2020,6,0,0,0,0,0,0,4.0,0,32,3,8.0,12,3,1,0,0,0
43,2020,6,1,2,1,0,0,50.0,0,0,0,0,0,0,0,0,0,0,0
95,2020,6,0,0,0,0,0,0,3.0,0,14,1,4.66,10,2,0,0,0,0
250,2020,6,0,0,0,0,0,0,0,0,0,0,0,0,0,0,1,0,0
46,2020,6,1,5,1,0,0,20.0,0,0,0,0,0,0,0,0,0,0,0
191,2020,6,0,0,0,0,0,0,0,0,0,0,0,0,0,0,1,0,0
47,2020,6,0,3,1,0,0,0.0,0,0,0,0,0,0,0,0,0,0,0
48,2020,6,1,3,1,0,0,33.33,4.0,0,25,1,6.25,8,2,0,0,0,0
116,2020,6,6,7,1,1,0,85.71,4.0,0,37,0,9.25,8,6,0,0,0,0
104,2020,6,0,0,0,0,0,0,3.0,0,21,3,7.0,9,3,0,0,0,0
103,2020,6,0,0,0,0,0,0,2.0,0,13,0,6.5,5,0,1,0,0,0
226,2020,6,0,0,0,0,0,0,3.0,0,17,2,5.66,12,1,1,0,0,0
245,2020,6,15,8,0,2,0,187.5,0,0,0,0,0,0,0,0,0,0,0
255,2020,6,0,2,1,0,0,0.0,3.0,0,35,0,11.66,6,5,1,0,0,0
256,2020,6,0,0,0,0,0,0,0,0,0,0,0,0,0,0,2,0,0
1,2020,5,13,7,0,1,0,185.71,3.0,0,21,1,7.0,4,2,0,0,0,0
145,2020,5,18,13,1,2,1,138.46,0,0,0,0,0,0,0,0,0,0,0
53,2020,5,9,10,1,0,1,90.0,4.0,0,22,1,5.5,8,2,0,0,0,0
25,2020,5,0,0,0,0,0,0,0,0,0,0,0,0,0,0,2,0,0
6,2020,5,47,28,1,6,1,167.85,0,0,0,0,0,0,0,0,0,0,0
56,2020,5,24,18,1,2,1,133.33,0,0,0,0,0,0,0,0,0,0,0
55,2020,5,30,23,1,5,0,130.43,0,0,0,0,0,0,0,0,0,0,0
177,2020,5,0,0,0,0,0,0,0,0,0,0,0,0,0,0,0,1,0
122,2020,5,0,0,0,0,0,0,4.0,0,32,2,8.0,14,0,4,0,0,0
8,2020,5,1,3,0,0,0,33.33,1.0,0,10,0,10.0,2,2,0,0,0,0
60,2020,5,0,0,0,0,0,0,0,0,0,0,0,0,0,0,2,0,0
61,2020,5,16,20,1,1,1,80.0,0,0,0,0,0,0,0,0,0,0,0
11,2020,5,0,0,0,0,0,0,4.0,0,26,2,6.5,11,2,1,0,0,0
161,2020,5,0,0,0,0,0,0,0,0,0,0,0,0,0,0,1,0,0
12,2020,5,80,54,1,3,6,148.14,0,0,0,0,0,0,0,0,0,0,0
64,2020,5,33,12,1,1,4,275.0,3.0,0,49,0,16.33,3,3,4,0,0,0
186,2020,5,1,2,0,0,0,50.0,4.0,0,39,0,9.75,3,0,3,0,0,0
67,2020,5,7,11,1,1,0,63.63,0,0,0,0,0,0,0,0,0,0,0
257,2020,5,0,0,0,0,0,0,0,0,0,0,0,0,0,0,1,0,0
17,2020,5,1,3,1,0,0,33.33,0,0,0,0,0,0,0,0,0,0,0
18,2020,5,21,13,1,1,1,161.53,0,0,0,0,0,0,0,0,0,0,0
258,2020,5,1,3,1,0,0,33.33,0,0,0,0,0,0,0,0,0,0,0
81,2020,5,9,10,1,1,0,90.0,4.0,1,32,2,8.0,10,2,0,0,0,0
230,2020,5,0,0,0,0,0,0,0,0,0,0,0,0,0,0,3,0,0
82,2020,5,11,11,1,2,0,100.0,2.0,0,17,1,8.5,4,1,1,0,0,0
125,2020,5,0,0,0,0,0,0,4.0,1,30,2,7.5,13,6,0,0,0,0
141,2020,5,0,0,0,0,0,0,0,0,0,0,0,0,0,0,0,1,0
22,2020,5,0,0,0,0,0,0,4.0,0,25,2,6.25,13,1,2,0,0,0
259,2020,5,0,0,0,0,0,0,3.0,0,34,0,11.33,8,5,1,0,0,0
52,2020,4,5,9,1,0,0,55.55,0,0,0,0,0,0,0,0,0,0,0
252,2020,4,21,21,1,3,0,100.0,0,0,0,0,0,0,0,0,0,0,0
132,2020,4,0,0,0,0,0,0,0,0,0,0,0,0,0,0,1,0,0
164,2020,4,0,0,0,0,0,0,0,0,0,0,0,0,0,0,1,0,0
57,2020,4,6,4,1,1,0,150.0,0,0,0,0,0,0,0,0,0,0,0
192,2020,4,22,16,1,3,0,137.5,0,0,0,0,0,0,0,0,0,0,0
87,2020,4,0,1,1,0,0,0.0,0,0,0,0,0,0,0,0,0,0,0
205,2020,4,0,0,0,0,0,0,4.0,0,44,0,11.0,3,2,3,0,0,0
134,2020,4,29,17,0,0,3,170.58,0,0,0,0,0,0,0,0,0,0,0
58,2020,4,69,47,1,4,4,146.8,0,0,0,0,0,0,0,0,0,0,0
89,2020,4,0,0,0,0,0,0,0,0,0,0,0,0,0,0,0,1,0
221,2020,4,6,6,1,1,0,100.0,0,0,0,0,0,0,0,0,0,0,0
91,2020,4,72,37,1,1,7,194.59,0,0,0,0,0,0,0,0,0,0,0
11,2020,4,0,0,0,0,0,0,0,0,0,0,0,0,0,0,2,0,0
83,2020,4,0,0,0,0,0,0,4.0,0,38,1,9.5,6,5,1,0,0,0
260,2020,4,0,0,1,0,0,0.0,0,0,0,0,0,0,0,0,0,0,0
65,2020,4,10,8,1,1,0,125.0,4.0,0,37,3,9.25,7,0,4,0,0,0
193,2020,4,0,0,0,0,0,0,4.0,0,55,1,13.75,4,1,6,0,0,0
98,2020,4,0,0,0,0,0,0,4.0,0,56,1,14.0,7,2,5,0,0,0
100,2020,4,0,0,0,0,0,0,0,0,0,0,0,0,0,0,1,0,0
74,2020,4,27,8,0,0,4,337.5,4.0,0,26,1,6.5,13,1,2,0,0,0
73,2020,4,0,0,0,0,0,0,0,0,0,0,0,0,0,0,2,0,0
102,2020,4,17,6,1,1,2,283.33,4.0,0,33,3,8.25,9,3,1,0,0,0
229,2020,4,10,9,0,1,0,111.11,4.0,0,54,1,13.5,6,1,6,0,0,0
261,2020,4,0,0,0,0,0,0,0,0,0,0,0,0,0,0,1,1,0
140,2020,4,33,21,1,1,4,157.14,0,0,0,0,0,0,0,0,0,0,0
80,2020,4,74,32,1,1,9,231.25,0,0,0,0,0,0,0,0,0,0,0
105,2020,4,1,2,0,0,0,50.0,4.0,0,40,0,10.0,6,0,4,0,0,0
106,2020,4,0,0,0,0,0,0,4.0,0,31,1,7.75,8,3,1,0,0,0
143,2020,3,0,0,0,0,0,0,3.4,0,33,1,9.0,9,5,0,0,0,0
107,2020,3,0,0,0,0,0,0,0,0,0,0,0,0,0,0,0,1,0
3,2020,3,9,6,1,1,0,150.0,4.0,0,36,0,9.0,7,2,2,0,0,0
165,2020,3,29,27,1,1,2,107.4,0,0,0,0,0,0,0,0,0,0,0
25,2020,3,51,30,1,4,2,170.0,0,0,0,0,0,0,0,0,0,0,0
241,2020,3,0,2,1,0,0,0.0,4.0,0,25,0,6.25,11,3,0,0,0,0
30,2020,3,7,8,1,0,0,87.5,3.0,0,15,2,5.0,7,1,0,0,0,0
32,2020,3,0,0,0,0,0,0,1.0,0,7,0,7.0,4,0,1,0,0,0
109,2020,3,34,33,1,3,1,103.03,0,0,0,0,0,0,0,0,0,0,0
207,2020,3,0,0,0,0,0,0,0,0,0,0,0,0,0,0,1,0,0
262,2020,3,0,0,0,0,0,0,0,0,0,0,0,0,0,0,0,1,0
214,2020,3,0,0,0,0,0,0,0,0,0,0,0,0,0,0,0,2,0
10,2020,3,6,6,1,1,0,100.0,0,0,0,0,0,0,0,0,0,0,0
172,2020,3,12,13,1,1,0,92.3,0,0,0,0,0,0,0,0,0,0,0
13,2020,3,3,4,0,0,0,75.0,4.0,0,34,1,8.5,6,5,0,0,0,0
43,2020,3,56,42,1,8,0,133.33,0,0,0,0,0,0,0,0,0,0,0
173,2020,3,61,43,1,6,2,141.86,0,0,0,0,0,0,0,0,0,0,0
147,2020,3,0,0,0,0,0,0,0,0,0,0,0,0,0,0,0,2,0
115,2020,3,7,4,1,1,0,175.0,2.0,0,16,1,8.0,2,1,0,0,0,0
46,2020,3,14,13,1,0,0,107.69,0,0,0,0,0,0,0,0,2,0,0
47,2020,3,1,2,0,0,0,50.0,0,0,0,0,0,0,0,0,0,0,0
48,2020,3,0,0,0,0,0,0,4.0,0,18,3,4.5,11,1,0,0,0,0
116,2020,3,0,0,0,0,0,0,4.0,0,25,2,6.25,9,1,0,0,0,0
263,2020,3,0,1,1,0,0,0.0,0.4,0,6,0,9.0,1,1,0,0,0,0
155,2020,3,0,1,1,0,0,0.0,1.2,0,14,1,10.5,4,0,1,0,0,0
176,2020,3,0,0,0,0,0,0,0,0,0,0,0,0,0,0,1,0,0
255,2020,3,0,0,0,0,0,0,4.0,0,48,0,12.0,8,6,2,0,0,0
21,2020,3,6,5,1,1,0,120.0,4.0,0,31,0,7.75,4,1,1,0,0,0
23,2020,2,39,32,1,0,3,121.87,0,0,0,0,0,0,0,0,0,0,0
120,2020,2,7,13,1,1,0,53.84,0,0,0,0,0,0,0,0,0,0,0
169,2020,2,0,0,0,0,0,0,0,0,0,0,0,0,0,0,2,0,0
24,2020,2,0,0,0,0,0,0,0,0,0,0,0,0,0,0,1,0,0
27,2020,2,3,1,0,0,0,300.0,4.0,0,33,0,8.25,11,6,0,0,0,0
31,2020,2,6,9,1,0,0,66.66,4.0,0,14,1,3.5,11,0,0,0,0,0
29,2020,2,53,21,1,7,3,252.38,3.0,0,29,2,9.66,6,2,2,0,0,0
86,2020,2,89,60,1,7,4,148.33,0,0,0,0,0,0,0,0,0,0,0
34,2020,2,0,0,0,0,0,0,0,0,0,0,0,0,0,0,1,0,0
33,2020,2,0,0,0,0,0,0,0,0,0,0,0,0,0,0,2,0,0
128,2020,2,0,0,0,0,0,0,0,0,0,0,0,0,0,0,0,1,0
37,2020,2,0,0,0,0,0,0.0,4.0,0,28,2,7.0,10,3,0,0,0,0
88,2020,2,0,0,0,0,0,0,0,0,0,0,0,0,0,0,1,2,0
90,2020,2,0,3,1,0,0,0.0,0,0,0,0,0,0,0,0,0,0,0
130,2020,2,1,4,1,0,0,25.0,0,0,0,0,0,0,0,0,0,0,0
264,2020,2,0,0,0,0,0,0,0,0,0,0,0,0,0,0,0,1,0
243,2020,2,20,14,1,1,1,142.85,4.0,0,39,0,9.75,5,1,3,0,0,0
41,2020,2,4,6,1,0,0,66.66,1.0,0,2,2,2.0,4,0,0,0,0,0
42,2020,2,5,9,1,1,0,55.55,0,0,0,0,0,0,0,0,0,0,0
92,2020,2,21,19,1,2,1,110.52,0,0,0,0,0,0,0,0,0,0,0
93,2020,2,0,0,0,0,0,0,4.0,0,22,1,5.5,9,2,0,0,0,0
223,2020,2,0,0,0,0,0,0,0,0,0,0,0,0,0,0,1,0,0
234,2020,2,12,12,1,2,0,100.0,0,0,0,0,0,0,0,0,0,0,0
95,2020,2,0,0,0,0,0,0.0,4.0,0,15,3,3.75,15,1,0,0,0,0
45,2020,2,0,0,0,0,0,0,0,0,0,0,0,0,0,0,1,0,0
179,2020,2,0,0,0,0,0,0,0,0,0,0,0,0,0,0,1,0,0
191,2020,2,0,0,0,0,0,0,0,0,0,0,0,0,0,0,1,0,0
101,2020,2,5,6,1,0,0,83.33,4.0,0,56,0,14.0,8,5,3,0,0,0
49,2020,2,0,2,1,0,0,0.0,0,0,0,0,0,0,0,0,0,0,0
226,2020,2,0,0,0,0,0,0,4.0,0,24,2,6.0,13,4,0,0,0,0
50,2020,2,31,29,1,4,0,106.89,0,0,0,0,0,0,0,0,0,0,0
245,2020,2,1,3,1,0,0,33.33,0,0,0,0,0,0,0,0,0,0,0
265,2020,2,0,0,0,0,0,0,4.0,0,45,1,11.25,7,1,4,0,0,0
1,2020,1,18,14,1,1,1,128.57,0,0,0,0,0,0,0,0,0,0,0
252,2020,1,1,7,1,0,0,14.28,0,0,0,0,0,0,0,0,0,0,0
145,2020,1,14,10,1,0,2,140.0,0,0,0,0,0,0,0,0,0,0,0
132,2020,1,0,0,0,0,0,0,0,0,0,0,0,0,0,0,2,0,0
164,2020,1,0,0,0,0,0,0,0,0,0,0,0,0,0,0,3,0,0
85,2020,1,71,48,1,6,3,147.91,0,0,0,0,0,0,0,0,0,0,0
6,2020,1,17,16,1,2,0,106.25,0,0,0,0,0,0,0,0,0,0,0
122,2020,1,5,3,0,0,0,166.66,4.0,0,43,1,10.75,10,4,2,0,0,0
134,2020,1,0,2,0,0,0,0.0,0,0,0,0,0,0,0,0,0,0,0
8,2020,1,3,3,1,0,0,100.0,4.0,0,37,1,9.25,2,1,2,0,0,0
91,2020,1,58,44,0,6,0,131.81,0,0,0,0,0,0,0,0,0,0,0
11,2020,1,2,4,0,0,0,50.0,4.0,0,36,1,9.0,2,3,1,1,0,0
12,2020,1,12,10,1,2,0,120.0,0,0,0,0,0,0,0,0,0,0,0
193,2020,1,0,0,0,0,0,0,4.0,0,21,1,5.25,11,0,1,0,0,0
227,2020,1,0,0,0,0,0,0,0,0,0,0,0,0,0,0,1,0,0
98,2020,1,0,0,0,0,0,0,4.0,0,38,3,9.5,8,6,0,0,0,0
100,2020,1,0,0,0,0,0,0,0,0,0,0,0,0,0,0,2,0,0
17,2020,1,33,20,1,5,0,165.0,0,0,0,0,0,0,0,0,0,0,0
18,2020,1,42,31,1,3,1,135.48,0,0,0,0,0,0,0,0,0,0,0
149,2020,1,0,0,0,0,0,0,0,0,0,0,0,0,0,0,1,0,0
102,2020,1,18,6,1,1,2,300.0,4.0,0,28,1,7.0,9,4,0,0,0,0
140,2020,1,4,5,1,1,0,80.0,0,0,0,0,0,0,0,0,0,0,0
125,2020,1,0,1,1,0,0,0.0,3.2,0,23,1,6.9,12,5,0,0,0,0
22,2020,1,11,8,1,2,0,137.5,4.0,0,27,1,6.75,10,3,0,0,0,0
105,2020,1,10,5,1,2,0,200.0,4.0,0,42,2,10.5,5,2,3,0,0,0
106,2020,1,0,0,0,0,0,0,4.0,0,32,2,8.0,7,3,0,0,0,0
